use db_new_api_weekly_report;

INSERT INTO `divisions` (`id`, `name`, `created_at`, `updated_at`) VALUES
(1, 'Web Development', '2024-09-04 22:55:06', '2024-09-04 22:55:06'),
(2, 'Web Design', '2024-09-04 22:55:06', '2024-09-04 22:55:06'),
(3, 'PnC', '2024-09-04 22:55:06', '2024-09-04 22:55:06');

INSERT INTO `users` (`id`, `first_name`, `last_name`, `email`, `instagram`, `linkedin`, `batch_no`, `password`, `email_verified_at`, `division_id`, `supervisor_id`, `vice_supervisor_id`, `CFlag`, `Sflag`, `StFlag`, `profile_picture`, `created_at`, `updated_at`) VALUES
(1, 'Loyal', 'Stoltenberg', 'josue60@example.com', 'http://collier.com/est-dolore-et-enim-odit-qui-illo-quia', NULL, 10, '$2y$10$uqpJc4ylkWRzkMVeBTk0QeRgx4fBpf2Rn/o.LFvwD6XR5ocCHU.0S', '2024-09-04 22:55:06', NULL, NULL, NULL, 1, 0, 0, 'https://via.placeholder.com/640x480.png/0099bb?text=laudantium', '2024-09-04 22:55:08', '2024-09-04 22:55:08'),
(2, 'Karen', 'Gislason', 'bauch.silas@example.net', NULL, 'http://www.bergnaum.info/eum-rerum-quasi-et-aspernatur-molestias-rerum-ab', 1, '$2y$10$uqpJc4ylkWRzkMVeBTk0QeRgx4fBpf2Rn/o.LFvwD6XR5ocCHU.0S', '2024-09-04 22:55:06', NULL, NULL, NULL, 1, 0, 0, 'https://via.placeholder.com/640x480.png/00cc00?text=nesciunt', '2024-09-04 22:55:08', '2024-09-04 22:55:08'),
(3, 'Marshall', 'Wisozk', 'barton.heloise@example.org', 'http://www.cummings.com/', NULL, 10, '$2y$10$uqpJc4ylkWRzkMVeBTk0QeRgx4fBpf2Rn/o.LFvwD6XR5ocCHU.0S', '2024-09-04 22:55:07', NULL, NULL, NULL, 1, 0, 0, NULL, '2024-09-04 22:55:08', '2024-09-04 22:55:08'),
(4, 'Adrienne', 'Davis', 'leonardo09@example.net', 'http://ebert.com/qui-ratione-ab-dolorem-qui-rerum.html', 'http://www.wolff.com/aut-et-vel-consequuntur-harum-atque', 6, '$2y$10$uqpJc4ylkWRzkMVeBTk0QeRgx4fBpf2Rn/o.LFvwD6XR5ocCHU.0S', '2024-09-04 22:55:07', NULL, NULL, NULL, 1, 0, 0, 'https://via.placeholder.com/640x480.png/008822?text=aut', '2024-09-04 22:55:08', '2024-09-04 22:55:08'),
(5, 'Margot', 'Gulgowski', 'lorn@example.net', NULL, NULL, 5, '$2y$10$uqpJc4ylkWRzkMVeBTk0QeRgx4fBpf2Rn/o.LFvwD6XR5ocCHU.0S', '2024-09-04 22:55:07', NULL, NULL, NULL, 1, 0, 0, 'https://via.placeholder.com/640x480.png/006699?text=labore', '2024-09-04 22:55:08', '2024-09-04 22:55:08'),
(6, 'Quinn', 'Homenick', 'karolann97@example.com', NULL, NULL, 4, '$2y$10$uqpJc4ylkWRzkMVeBTk0QeRgx4fBpf2Rn/o.LFvwD6XR5ocCHU.0S', '2024-09-04 22:55:07', NULL, NULL, NULL, 1, 0, 0, NULL, '2024-09-04 22:55:08', '2024-09-04 22:55:08'),
(7, 'Gloria', 'Huels', 'ward.ruecker@example.com', NULL, 'http://www.kiehn.com/earum-ad-repellendus-autem-perspiciatis-voluptatum-molestias.html', 7, '$2y$10$uqpJc4ylkWRzkMVeBTk0QeRgx4fBpf2Rn/o.LFvwD6XR5ocCHU.0S', '2024-09-04 22:55:08', 1, 1, 2, 0, 1, 0, NULL, '2024-09-04 22:55:09', '2024-09-04 22:55:09'),
(8, 'Kade', 'Cremin', 'ozulauf@example.org', 'http://www.hilpert.com/', 'http://www.hegmann.com/placeat-quos-qui-tenetur-at-est-quidem-possimus-ea', 3, '$2y$10$uqpJc4ylkWRzkMVeBTk0QeRgx4fBpf2Rn/o.LFvwD6XR5ocCHU.0S', '2024-09-04 22:55:08', 1, 1, 2, 0, 1, 0, 'https://via.placeholder.com/640x480.png/002266?text=impedit', '2024-09-04 22:55:09', '2024-09-04 22:55:09'),
(9, 'Esteban', 'Stroman', 'nsporer@example.net', 'http://www.rice.com/', 'http://www.trantow.org/id-est-expedita-voluptates-aut-molestias-soluta-illum-quos.html', 8, '$2y$10$uqpJc4ylkWRzkMVeBTk0QeRgx4fBpf2Rn/o.LFvwD6XR5ocCHU.0S', '2024-09-04 22:55:08', 2, 1, 2, 0, 1, 0, NULL, '2024-09-04 22:55:09', '2024-09-04 22:55:09'),
(10, 'Bryana', 'Turner', 'sydnee.treutel@example.org', 'http://www.corwin.com/', NULL, 2, '$2y$10$uqpJc4ylkWRzkMVeBTk0QeRgx4fBpf2Rn/o.LFvwD6XR5ocCHU.0S', '2024-09-04 22:55:08', 2, 1, 2, 0, 1, 0, 'https://via.placeholder.com/640x480.png/00dd11?text=eum', '2024-09-04 22:55:09', '2024-09-04 22:55:09'),
(11, 'Maegan', 'Hansen', 'kelli33@example.com', NULL, 'http://www.torphy.com/sit-doloribus-exercitationem-et-autem-saepe-et-voluptatem', 1, '$2y$10$uqpJc4ylkWRzkMVeBTk0QeRgx4fBpf2Rn/o.LFvwD6XR5ocCHU.0S', '2024-09-04 22:55:09', 3, 3, 4, 0, 1, 0, NULL, '2024-09-04 22:55:09', '2024-09-04 22:55:09'),
(12, 'Randy', 'Wiza', 'jnikolaus@example.netQ', 'https://www.padberg.com/fuga-nam-nulla-eum-dolorem-labore', 'http://www.paucek.com/rerum-reprehenderit-quisquam-temporibus-omnis-molestias.html', 8, '$2y$10$uqpJc4ylkWRzkMVeBTk0QeRgx4fBpf2Rn/o.LFvwD6XR5ocCHU.0S', '2024-09-04 22:55:09', 3, 3, 4, 0, 1, 0, NULL, '2024-09-04 22:55:09', '2024-09-04 22:55:09'),
(13, 'Beulah', 'Kuvalis', 'turner.emmet@example.org', 'https://www.mante.com/omnis-perferendis-praesentium-soluta-porro-incidunt', 'http://trantow.net/illo-qui-ut-est-nihil', 3, '$2y$10$uqpJc4ylkWRzkMVeBTk0QeRgx4fBpf2Rn/o.LFvwD6XR5ocCHU.0S', '2024-09-04 22:55:09', 3, 11, 12, 0, 0, 1, 'https://via.placeholder.com/640x480.png/0066bb?text=aut', '2024-09-04 22:55:11', '2024-09-04 22:55:11'),
(14, 'Annabelle', 'Barrows', 'vrohan@example.com', NULL, 'http://langworth.com/blanditiis-debitis-ea-repellendus-asperiores-consequatur-eveniet-facere', 2, '$2y$10$uqpJc4ylkWRzkMVeBTk0QeRgx4fBpf2Rn/o.LFvwD6XR5ocCHU.0S', '2024-09-04 22:55:09', 1, 7, 8, 0, 0, 1, 'https://via.placeholder.com/640x480.png/00bb11?text=repellat', '2024-09-04 22:55:11', '2024-09-04 22:55:11'),
(15, 'Lily', 'Welch', 'wspinka@example.net', NULL, NULL, 9, '$2y$10$uqpJc4ylkWRzkMVeBTk0QeRgx4fBpf2Rn/o.LFvwD6XR5ocCHU.0S', '2024-09-04 22:55:10', 2, 9, 10, 0, 0, 1, NULL, '2024-09-04 22:55:11', '2024-09-04 22:55:11'),
(16, 'Adonis', 'Schuppe', 'ignacio.sanford@example.net', NULL, 'http://hodkiewicz.com/neque-similique-minus-eius-nulla-quidem-accusantium-odio-numquam', 5, '$2y$10$uqpJc4ylkWRzkMVeBTk0QeRgx4fBpf2Rn/o.LFvwD6XR5ocCHU.0S', '2024-09-04 22:55:10', 1, 7, 8, 0, 0, 1, NULL, '2024-09-04 22:55:11', '2024-09-04 22:55:11'),
(17, 'Cesar', 'Anderson', 'richie72@example.com', NULL, NULL, 10, '$2y$10$uqpJc4ylkWRzkMVeBTk0QeRgx4fBpf2Rn/o.LFvwD6XR5ocCHU.0S', '2024-09-04 22:55:10', 3, 11, 12, 0, 0, 1, NULL, '2024-09-04 22:55:11', '2024-09-04 22:55:11'),
(18, 'Rowena', 'Welch', 'upton.nyasia@example.com', 'http://www.kuhn.com/et-ex-praesentium-facilis-rerum-voluptatibus-ut-numquam.html', NULL, 6, '$2y$10$uqpJc4ylkWRzkMVeBTk0QeRgx4fBpf2Rn/o.LFvwD6XR5ocCHU.0S', '2024-09-04 22:55:10', 1, 7, 8, 0, 0, 1, NULL, '2024-09-04 22:55:11', '2024-09-04 22:55:11'),
(19, 'Lonie', 'Bergnaum', 'estrella36@example.org', NULL, 'https://johns.org/et-voluptatum-laborum-delectus-velit-sit-cumque.html', 5, '$2y$10$uqpJc4ylkWRzkMVeBTk0QeRgx4fBpf2Rn/o.LFvwD6XR5ocCHU.0S', '2024-09-04 22:55:11', 3, 11, 12, 0, 0, 1, 'https://via.placeholder.com/640x480.png/006633?text=ipsam', '2024-09-04 22:55:11', '2024-09-04 22:55:11'),
(20, 'Murl', 'Prosacco', 'luettgen.andrew@example.com', NULL, 'http://kilback.com/optio-sed-sunt-et-itaque-iusto', 6, '$2y$10$uqpJc4ylkWRzkMVeBTk0QeRgx4fBpf2Rn/o.LFvwD6XR5ocCHU.0S', '2024-09-04 22:55:11', 1, 7, 8, 0, 0, 1, 'https://via.placeholder.com/640x480.png/0022dd?text=et', '2024-09-04 22:55:11', '2024-09-04 22:55:11'),
(21, 'Annamae', 'Thompson', 'qgoldner@example.com', 'http://schulist.com/', 'http://www.kuhn.org/', 10, '$2y$10$uqpJc4ylkWRzkMVeBTk0QeRgx4fBpf2Rn/o.LFvwD6XR5ocCHU.0S', '2024-09-04 22:55:11', 2, 9, 10, 0, 0, 1, 'https://via.placeholder.com/640x480.png/00ee44?text=rerum', '2024-09-04 22:55:11', '2024-09-04 22:55:11'),
(22, 'Prudence', 'Koss', 'terrill.feest@example.net', 'http://www.purdy.com/doloremque-at-ullam-culpa-in.html', 'http://www.beer.com/ab-dolorem-deserunt-tenetur-veritatis', 7, '$2y$10$uqpJc4ylkWRzkMVeBTk0QeRgx4fBpf2Rn/o.LFvwD6XR5ocCHU.0S', '2024-09-04 22:55:11', 3, 11, 12, 0, 0, 1, 'https://via.placeholder.com/640x480.png/004466?text=blanditiis', '2024-09-04 22:55:11', '2024-09-04 22:55:11');

INSERT INTO `c_level_divisions` (`c_level_id`, `division_id`, `created_at`, `updated_at`) VALUES
(1, 1, '2024-09-05 05:58:19', '2024-09-05 05:58:19'),
(2, 1, '2024-09-05 05:58:19', '2024-09-05 05:58:19'),
(1, 2, '2024-09-05 05:58:47', '2024-09-05 05:58:47'),
(2, 2, '2024-09-05 05:58:47', '2024-09-05 05:58:47'),
(3, 3, '2024-09-05 05:58:47', '2024-09-05 05:58:47'),
(4, 3, '2024-09-05 05:58:47', '2024-09-05 05:58:47'),
(5, 3, '2024-09-12 11:54:52', '2024-09-12 11:54:52'),
(6, 3, '2024-09-12 11:54:52', '2024-09-12 11:54:52');

INSERT INTO `daily_reports` (`user_id`, `created_at`, `content_text`, `content_photo`, `last_updated_at`) VALUES
(1, '2024-01-11 08:19:53', 'Quia consequatur sapiente nostrum eligendi ab qui. Architecto rem minus vel qui. Error voluptatem voluptas est sed molestiae sequi. Id voluptas necessitatibus ut quasi nihil ea non.', 'https://via.placeholder.com/640x480.png/001177?text=sint', '2024-02-29 18:14:18'),
(1, '2024-02-01 05:04:49', 'In recusandae in sapiente neque. Aut voluptatibus aut voluptatem quia. Quaerat officia ut dolores repellat sit quis ullam et.', 'https://via.placeholder.com/640x480.png/002277?text=error', '2024-02-26 14:38:01'),
(1, '2024-02-01 22:53:09', 'Sapiente qui facere occaecati aut. Odit repellendus magnam nesciunt fugit qui earum nam. Corrupti omnis sunt non voluptas hic tempore quia. Quia laboriosam dicta repudiandae ducimus neque doloribus veritatis est.', 'https://via.placeholder.com/640x480.png/0099dd?text=veniam', '2024-03-28 12:47:12'),
(1, '2024-02-02 11:16:51', 'Qui et rem suscipit. Explicabo enim rerum aut. Sit ad repellendus vero eum ad itaque aut. Vel ipsa aut laboriosam adipisci sed. Accusantium itaque et facere provident.', 'https://via.placeholder.com/640x480.png/005566?text=in', '2024-04-12 14:42:29'),
(1, '2024-02-10 07:25:02', 'Et quam quo quasi est quis suscipit aspernatur. Nemo maxime saepe qui vitae.', 'https://via.placeholder.com/640x480.png/000099?text=quia', '2024-03-28 00:08:03'),
(1, '2024-02-21 22:14:59', 'Itaque quis optio animi sint nulla vel. Quam voluptatem libero nesciunt. Illum voluptas magnam numquam esse ipsam excepturi quia. Qui id et tempora non similique mollitia.', 'https://via.placeholder.com/640x480.png/00dd33?text=doloribus', '2024-03-09 21:48:33'),
(1, '2024-04-03 13:11:05', 'Et non unde quae. Rerum doloribus dolores consequatur praesentium voluptatibus atque. Voluptas sit dolorem voluptas voluptatum. Et sapiente ut architecto accusantium id et maiores facilis.', 'https://via.placeholder.com/640x480.png/007777?text=quod', '2024-04-08 22:28:10'),
(1, '2024-04-20 06:24:43', 'Et aliquam unde et neque. Pariatur repellendus cumque omnis alias. Sit consectetur possimus et omnis necessitatibus voluptas ut. Aperiam quis laborum repudiandae magni.', 'https://via.placeholder.com/640x480.png/002211?text=qui', '2024-05-16 18:29:54'),
(1, '2024-06-04 20:38:12', 'Quas vel id expedita voluptatum maiores quia. Provident laudantium error velit itaque voluptas sint. Est ut cumque recusandae corporis.', 'https://via.placeholder.com/640x480.png/002277?text=quisquam', '2024-07-08 16:23:51'),
(1, '2024-06-15 02:24:54', 'Expedita quaerat et cupiditate deserunt est eos dolores. Nam dolores vero voluptas non pariatur. Eaque quis ea quisquam excepturi rerum eos delectus. Id consequatur voluptatem animi earum quas.', 'https://via.placeholder.com/640x480.png/00bbbb?text=molestiae', '2024-03-07 00:17:42'),
(1, '2024-06-17 15:06:20', 'Recusandae maiores est nihil. Eum veniam veniam reiciendis est eos excepturi qui.', 'https://via.placeholder.com/640x480.png/007711?text=ea', '2024-05-13 01:56:12'),
(1, '2024-06-19 08:08:14', 'Nobis numquam aut nihil praesentium molestiae aperiam. Ab consequuntur et aperiam magni explicabo saepe cumque. Tenetur qui quis mollitia. Possimus nulla praesentium et quidem.', 'https://via.placeholder.com/640x480.png/006699?text=et', '2024-07-31 18:56:58'),
(1, '2024-07-03 03:45:10', 'Architecto quis quis sit porro veritatis eaque. Corrupti ea est eligendi culpa voluptatem sint quaerat ipsam. Consequatur et ut eum et dolores. Id et aut vero deleniti id.', 'https://via.placeholder.com/640x480.png/009966?text=nihil', '2024-02-08 04:12:03'),
(1, '2024-07-18 09:37:58', 'Provident architecto maiores rem explicabo minus sit nihil corrupti. Repellendus magnam voluptas occaecati quo ratione aliquid tempora. Porro molestiae voluptatem eaque cumque sed quae.', 'https://via.placeholder.com/640x480.png/00ccaa?text=voluptate', '2024-04-24 21:22:41'),
(1, '2024-07-24 10:58:18', 'Et temporibus hic sit quis expedita magnam. Sit officiis ipsa praesentium numquam possimus possimus fuga. Rem harum sapiente nesciunt suscipit voluptatem.', 'https://via.placeholder.com/640x480.png/005588?text=ad', '2024-01-13 04:51:02'),
(1, '2024-07-28 15:36:24', 'Aut perspiciatis dolorem nulla mollitia reiciendis. Repellendus omnis corrupti et quae voluptatem. Nulla blanditiis deleniti qui qui beatae doloribus. Sequi sint ut ut qui porro odio cum.', 'https://via.placeholder.com/640x480.png/00eeaa?text=laboriosam', '2024-06-11 23:38:07'),
(1, '2024-07-28 23:41:11', 'Nostrum ipsam quis incidunt sunt. Error amet tenetur deserunt atque ipsa harum ipsa. Ullam et vel omnis aspernatur et voluptatem.', 'https://via.placeholder.com/640x480.png/00eecc?text=libero', '2024-08-01 12:00:47'),
(1, '2024-08-12 07:10:48', 'Modi eius reprehenderit beatae. Accusantium voluptatum ea voluptatem a unde. Esse aut sit amet officiis.', 'https://via.placeholder.com/640x480.png/00dd66?text=qui', '2024-05-22 08:49:26'),
(1, '2024-08-26 23:47:31', 'Eius ab praesentium quaerat et. Quibusdam qui sint temporibus sunt. Non id tenetur aut.', 'https://via.placeholder.com/640x480.png/004400?text=libero', '2024-08-24 21:30:35'),
(1, '2024-09-02 08:13:15', 'Rerum nihil et eum aut et dolores quasi. Accusamus rerum illum aut reprehenderit veritatis sed. Dolore quis quia dolore omnis asperiores quia est. Incidunt et quis quod atque est aliquam. Ullam magnam qui itaque officia id dolore rerum quia.', 'https://via.placeholder.com/640x480.png/0099ee?text=ea', '2024-04-05 02:50:13'),
(2, '2024-01-03 23:31:06', 'Accusamus eos fugiat eaque doloribus perferendis. Et fugiat et magni tempore neque. Quidem amet accusamus labore at.', 'https://via.placeholder.com/640x480.png/008866?text=maiores', '2024-02-15 08:50:57'),
(2, '2024-01-05 19:48:11', 'Eos molestias qui eum hic voluptatem. Voluptate et aut alias eaque sit cumque temporibus. Iusto iste voluptas explicabo aut. Laboriosam alias adipisci eius et.', 'https://via.placeholder.com/640x480.png/008866?text=aut', '2024-02-10 08:18:00'),
(2, '2024-01-17 16:39:51', 'Suscipit earum sed repellat qui. Vero sunt facilis sed fugit omnis consequatur quam. Laborum placeat maxime vitae ut at et.', 'https://via.placeholder.com/640x480.png/0022dd?text=enim', '2024-05-02 14:20:28'),
(2, '2024-01-22 23:32:25', 'Molestias porro facere cumque in. Non quae sit dignissimos animi. Ut inventore mollitia in vel doloribus. Ex molestiae nam omnis quis amet deserunt maiores.', 'https://via.placeholder.com/640x480.png/000077?text=totam', '2024-08-06 18:09:53'),
(2, '2024-01-24 17:21:52', 'Illum nostrum autem natus. Quibusdam quibusdam quia nemo aut exercitationem inventore. Autem non incidunt voluptatem dignissimos. Accusantium iusto ut eligendi earum.', 'https://via.placeholder.com/640x480.png/00cc00?text=illo', '2024-01-09 03:48:48'),
(2, '2024-01-24 19:16:01', 'Eveniet accusamus est amet eveniet sed quod. Ullam illo dolores est et saepe. Reprehenderit aliquid nostrum consequatur porro quia sequi.', 'https://via.placeholder.com/640x480.png/009900?text=sunt', '2024-01-16 13:48:41'),
(2, '2024-01-25 11:18:05', 'Explicabo numquam aliquam odit commodi molestias optio eum. Qui eaque aut libero occaecati quod tenetur repellendus tempore. Vel maxime porro delectus doloremque quam fuga rem. Esse dolorem et nulla qui sint.', 'https://via.placeholder.com/640x480.png/0022ee?text=molestiae', '2024-08-15 10:17:14'),
(2, '2024-02-02 12:24:24', 'Vitae dolore ipsa cupiditate porro temporibus. Alias repudiandae et id nemo pariatur reprehenderit vel velit. Tempora ea numquam animi sunt ea officiis voluptatem.', 'https://via.placeholder.com/640x480.png/00ffaa?text=nam', '2024-03-02 05:30:01'),
(2, '2024-02-03 20:03:41', 'Et reiciendis deleniti totam aut tempore et voluptatem. Omnis eum incidunt totam.', 'https://via.placeholder.com/640x480.png/0033ff?text=dolor', '2024-06-06 11:15:35'),
(2, '2024-02-08 23:53:38', 'Odit quaerat inventore ea pariatur quia atque delectus. Cumque qui ut qui facilis quo magnam. Nihil amet ea amet.', 'https://via.placeholder.com/640x480.png/00ddaa?text=quis', '2024-03-21 22:15:59'),
(2, '2024-02-18 07:24:04', 'Maxime excepturi excepturi exercitationem est. Autem quaerat cupiditate odio minus nobis perspiciatis exercitationem. Molestiae et et nam quo. Qui in consequatur voluptatem harum sunt.', 'https://via.placeholder.com/640x480.png/000022?text=autem', '2024-07-30 03:30:33'),
(2, '2024-03-09 04:05:41', 'Eaque accusantium dolores non veritatis quae est repudiandae. Alias ducimus aut commodi provident optio vero expedita rem. Temporibus voluptas quos aliquam dolorem officiis. Quia repellendus dignissimos doloremque ratione consequatur illo.', 'https://via.placeholder.com/640x480.png/00ff77?text=nisi', '2024-05-14 10:14:30'),
(2, '2024-03-25 06:09:13', 'Inventore et vero modi minus. Qui accusamus quaerat omnis quos incidunt ipsum molestias corporis. Laboriosam perferendis aut dolor vel perferendis corrupti quia. Minus pariatur praesentium aspernatur harum.', 'https://via.placeholder.com/640x480.png/00cc88?text=nihil', '2024-08-13 21:15:07'),
(2, '2024-04-29 02:03:53', 'Mollitia rerum ipsam et minus voluptas perspiciatis asperiores. Rerum eius sed dolor. Blanditiis voluptatibus rerum dolores quia ipsam et. Iusto esse adipisci repellendus quia.', 'https://via.placeholder.com/640x480.png/00aa66?text=minus', '2024-01-14 01:11:51'),
(2, '2024-05-06 10:51:46', 'Ad accusamus repellendus veritatis id assumenda est. Sed eos veniam consequuntur ut qui.', 'https://via.placeholder.com/640x480.png/0099cc?text=delectus', '2024-02-24 22:42:04'),
(2, '2024-06-04 13:37:15', 'Eveniet commodi at odio qui necessitatibus quia sunt libero. Omnis consequatur et tempore totam voluptate libero laborum quos. Fuga libero quisquam ducimus. Et quia laudantium est in modi.', 'https://via.placeholder.com/640x480.png/00ff44?text=praesentium', '2024-08-30 11:39:35'),
(2, '2024-06-26 01:05:17', 'Consequatur accusantium dolorem ullam maxime provident. Magni est molestiae tempora reiciendis iusto voluptatibus quia nesciunt.', 'https://via.placeholder.com/640x480.png/005577?text=consequatur', '2024-01-12 19:59:10'),
(2, '2024-07-08 12:07:37', 'Autem iste numquam et inventore. Veniam sunt minus odit exercitationem. Aut dignissimos nemo quae et iusto accusamus. Dolore error eius repudiandae. Ut vel et veritatis.', 'https://via.placeholder.com/640x480.png/007788?text=et', '2024-08-19 10:10:57'),
(2, '2024-08-04 21:37:40', 'Asperiores aut earum natus error. Maiores iste veritatis aut cupiditate exercitationem sed est. Culpa inventore quos veniam dolor.', 'https://via.placeholder.com/640x480.png/00ccff?text=est', '2024-03-31 07:31:02'),
(2, '2024-08-12 20:53:32', 'Assumenda ipsam consequatur neque provident. Natus eligendi et dignissimos. Dolores alias similique vel dolores ipsum magnam libero.', 'https://via.placeholder.com/640x480.png/001100?text=unde', '2024-06-13 07:10:55'),
(3, '2024-01-15 00:21:49', 'Odit delectus vero libero impedit facilis. Minima aut dignissimos facilis nam similique.', 'https://via.placeholder.com/640x480.png/001111?text=ut', '2024-06-05 05:26:16'),
(3, '2024-01-31 02:35:50', 'Cupiditate reprehenderit in eius magnam. Sint aut sed exercitationem sequi expedita debitis. Et saepe recusandae rerum rerum id.', 'https://via.placeholder.com/640x480.png/00bb33?text=sequi', '2024-01-30 21:00:35'),
(3, '2024-02-10 14:57:04', 'Rerum quia dolorum et accusantium doloribus qui quaerat odio. Molestias fugiat voluptas sed eum aut. Ex excepturi velit dolor natus officiis vitae sed. Beatae illum nostrum deleniti qui omnis qui sunt asperiores.', 'https://via.placeholder.com/640x480.png/0099aa?text=corrupti', '2024-05-31 13:09:09'),
(3, '2024-03-26 01:04:40', 'Quaerat similique ut ut asperiores est. Voluptatem repellendus dicta rerum sit voluptatem molestias.', 'https://via.placeholder.com/640x480.png/006655?text=ex', '2024-08-04 16:19:07'),
(3, '2024-04-02 21:35:42', 'Quis quibusdam beatae nostrum minus corporis numquam enim et. Explicabo labore ea assumenda consequuntur velit delectus laborum qui. Quas ut commodi sunt cum. Quia dolores sapiente tempore sed.', 'https://via.placeholder.com/640x480.png/00aa33?text=harum', '2024-01-15 14:02:42'),
(3, '2024-04-06 02:41:19', 'Asperiores expedita nesciunt deserunt quia quis est esse excepturi. Nobis similique molestiae ut voluptatem. Ut aut voluptatem cumque soluta sit.', 'https://via.placeholder.com/640x480.png/004422?text=illo', '2024-06-18 03:23:24'),
(3, '2024-04-29 16:43:10', 'Ex corporis itaque est. Nulla et dolor doloremque animi vel.', 'https://via.placeholder.com/640x480.png/00ccdd?text=iusto', '2024-07-04 12:29:29'),
(3, '2024-05-14 12:44:27', 'Illo sint aliquam sed fugit. Eos qui est cum doloribus eum quia. Quo maxime pariatur id perferendis quo quo sit.', 'https://via.placeholder.com/640x480.png/008844?text=ut', '2024-02-13 19:48:44'),
(3, '2024-05-16 09:26:58', 'Non non quaerat id aliquam minus sed. Porro natus ut perferendis est accusantium. Ut dolorem est fugiat est. Molestiae beatae ut ullam dolor voluptatum.', 'https://via.placeholder.com/640x480.png/006600?text=vel', '2024-06-26 04:19:23'),
(3, '2024-05-17 04:58:39', 'Exercitationem nihil perferendis earum consequatur ea ut nobis. Iure est nobis cumque explicabo. Molestiae labore molestias aperiam quo aut totam ex. Voluptas adipisci sit perferendis vitae et.', 'https://via.placeholder.com/640x480.png/0055bb?text=deleniti', '2024-04-28 01:31:19'),
(3, '2024-05-21 22:04:26', 'Nulla architecto eveniet ipsam totam est error fugit. Iusto dolorem impedit doloribus provident. Occaecati dolore aut occaecati ex numquam eum.', 'https://via.placeholder.com/640x480.png/0077ff?text=veritatis', '2024-03-26 05:58:33'),
(3, '2024-05-31 00:10:12', 'Hic architecto harum animi dolorem cum. Voluptatem omnis culpa aut pariatur rerum dolore. Dolores ullam adipisci illo aperiam cupiditate est. Recusandae quae itaque nesciunt illum nostrum pariatur.', 'https://via.placeholder.com/640x480.png/0033bb?text=natus', '2024-05-08 19:33:21'),
(3, '2024-06-16 02:12:06', 'Ad ea dolorum recusandae delectus occaecati perspiciatis. Sapiente iste rerum modi voluptatem placeat. Id veniam vel corrupti tempora rerum adipisci.', 'https://via.placeholder.com/640x480.png/004411?text=sequi', '2024-06-18 11:20:36'),
(3, '2024-06-18 18:22:44', 'Consectetur perspiciatis harum non enim sit. Iure consequuntur ipsa quisquam consequatur quasi et maxime. Quod est dolores esse vel cumque.', 'https://via.placeholder.com/640x480.png/009911?text=nesciunt', '2024-05-16 09:51:57'),
(3, '2024-06-26 10:50:09', 'Et facilis adipisci molestiae quae. Eveniet voluptas maiores alias architecto perspiciatis unde architecto. Totam sapiente dolor temporibus earum.', 'https://via.placeholder.com/640x480.png/00aa44?text=autem', '2024-09-02 09:21:45'),
(3, '2024-06-29 09:47:01', 'Delectus aut harum voluptatum similique. Placeat earum sint dolor qui tenetur commodi sunt.', 'https://via.placeholder.com/640x480.png/00bb66?text=nobis', '2024-01-18 15:47:02'),
(3, '2024-08-10 12:15:09', 'Similique maiores omnis optio asperiores est. Asperiores saepe consequatur eligendi nisi. Ratione pariatur nobis perspiciatis eligendi explicabo. Qui blanditiis omnis consequatur animi quia.', 'https://via.placeholder.com/640x480.png/0066bb?text=omnis', '2024-03-19 20:54:31'),
(3, '2024-08-14 09:13:32', 'Molestias ullam aut atque perspiciatis eum. Facere voluptatem similique et dolorem optio reiciendis eum. Vitae possimus occaecati excepturi dicta omnis aut.', 'https://via.placeholder.com/640x480.png/00cc22?text=est', '2024-02-19 06:43:21'),
(3, '2024-08-29 18:17:07', 'Dolor facilis quaerat quo sequi. Neque enim ut quae sequi rerum vel. Voluptas a possimus quaerat distinctio sed voluptatum.', 'https://via.placeholder.com/640x480.png/001100?text=commodi', '2024-05-12 13:52:05'),
(3, '2024-09-02 04:42:55', 'Repudiandae totam saepe quia libero tempora. Magnam suscipit eum quas sit repellat. Consequuntur distinctio voluptas quos esse voluptatibus voluptates dignissimos consequatur. Nam rerum sunt excepturi.', 'https://via.placeholder.com/640x480.png/00ffff?text=incidunt', '2024-09-03 15:47:44'),
(4, '2024-01-13 17:29:20', 'Deserunt eveniet quibusdam modi quo consequatur autem voluptatem. Vero ipsam assumenda aliquam quis minus tempore. Animi libero aspernatur molestiae ratione. Voluptas maxime corporis et.', 'https://via.placeholder.com/640x480.png/0099ee?text=quasi', '2024-07-14 13:39:00'),
(4, '2024-02-07 04:12:11', 'Aut ipsa vel expedita magnam sunt sed maxime. Inventore qui repellendus rerum repellat unde. Eveniet eligendi et cupiditate quo.', 'https://via.placeholder.com/640x480.png/002288?text=sit', '2024-07-07 09:48:19'),
(4, '2024-02-22 03:54:10', 'Libero eveniet assumenda ipsum voluptatem quidem corporis exercitationem. Error consectetur sint facere voluptatibus aspernatur aut.', 'https://via.placeholder.com/640x480.png/008822?text=porro', '2024-04-01 04:46:36'),
(4, '2024-02-25 11:38:35', 'Minima placeat et vel sed distinctio architecto. Soluta et sapiente cupiditate necessitatibus sit. Itaque distinctio modi dicta quo saepe ipsa. Autem cupiditate nihil placeat numquam omnis ab.', 'https://via.placeholder.com/640x480.png/0088ff?text=officia', '2024-04-01 12:54:08'),
(4, '2024-03-05 03:55:33', 'In rem labore rerum consequatur eius porro exercitationem. Ullam quia aliquam optio. Sit maiores aut aut totam rem ducimus labore.', 'https://via.placeholder.com/640x480.png/007711?text=id', '2024-05-20 18:18:30'),
(4, '2024-04-07 12:40:59', 'Consequuntur sunt id enim qui totam modi et non. Omnis autem impedit excepturi est omnis dicta. Qui recusandae aut voluptas unde.', 'https://via.placeholder.com/640x480.png/009955?text=veniam', '2024-08-29 06:38:40'),
(4, '2024-04-10 11:48:10', 'Rerum dolores necessitatibus minima eos accusantium corporis magni. Aliquid impedit et cum. Illum sapiente dignissimos aperiam totam.', 'https://via.placeholder.com/640x480.png/00ffbb?text=eos', '2024-05-31 17:25:05'),
(4, '2024-04-19 15:06:28', 'Est sed mollitia dolorem at sint accusantium et pariatur. Deserunt ea sunt quae in occaecati. Et ex deserunt consequatur et nemo dolore molestiae.', 'https://via.placeholder.com/640x480.png/0077cc?text=et', '2024-06-16 20:50:02'),
(4, '2024-04-21 02:24:50', 'Hic corporis et voluptas quia molestias. Quisquam itaque in ad. Similique earum quis ea soluta animi.', 'https://via.placeholder.com/640x480.png/001199?text=delectus', '2024-08-12 18:04:23'),
(4, '2024-05-18 11:36:05', 'Ipsam voluptas et nihil et praesentium facere exercitationem. Alias voluptatem consequuntur labore consequatur. Eos exercitationem facere nihil cumque quo sit qui. Commodi non nemo quo earum voluptatem at neque.', 'https://via.placeholder.com/640x480.png/0022ee?text=est', '2024-07-21 08:59:26'),
(4, '2024-05-24 18:12:09', 'Veritatis nostrum voluptatum ipsum et. Saepe dolor placeat maiores ut mollitia. Voluptates cum voluptatem blanditiis dicta. Cum architecto accusamus porro est voluptatem maiores.', 'https://via.placeholder.com/640x480.png/00eedd?text=doloribus', '2024-01-16 15:31:42'),
(4, '2024-05-26 19:46:37', 'Quibusdam voluptas ut illo ex maiores eos. Aut quisquam sit fugit recusandae quaerat mollitia quo. Sunt quidem provident maiores vel. Consequatur illo excepturi odit consequatur expedita doloribus.', 'https://via.placeholder.com/640x480.png/00cc22?text=eveniet', '2024-01-18 17:09:50'),
(4, '2024-07-11 20:58:03', 'Voluptatem perspiciatis assumenda iste fugit. Dolores cum at ut non debitis excepturi. Eos dolore officiis est unde eveniet harum quaerat aut. Consequatur sint rerum ea cupiditate doloribus dolores sit.', 'https://via.placeholder.com/640x480.png/0099dd?text=quis', '2024-03-05 20:47:46'),
(4, '2024-07-20 04:27:08', 'Vel totam aperiam dolorem neque. Consequatur voluptates laudantium inventore. Praesentium ullam minus porro suscipit assumenda eos.', 'https://via.placeholder.com/640x480.png/0033ee?text=voluptatem', '2024-01-08 18:53:16'),
(4, '2024-07-22 19:18:07', 'Omnis corrupti porro animi ut soluta. Eligendi quisquam eaque eos esse qui. Reiciendis architecto voluptas numquam atque aut et quisquam. Ipsa rerum veniam dolorem veniam.', 'https://via.placeholder.com/640x480.png/005577?text=sapiente', '2024-08-18 05:03:51'),
(4, '2024-08-09 00:18:58', 'Recusandae ut repellat hic qui distinctio. Aut voluptates quos ipsam ea. Fugiat praesentium voluptatem asperiores impedit neque fuga. Est quis voluptatum qui dolor ut.', 'https://via.placeholder.com/640x480.png/0033aa?text=voluptate', '2024-06-13 05:59:40'),
(4, '2024-08-09 02:42:40', 'Non officiis facilis voluptas et autem iste dolorum. Ut fugit non pariatur non. Et quidem sit quia aspernatur. Possimus id optio consequatur autem reiciendis.', 'https://via.placeholder.com/640x480.png/00ff11?text=eligendi', '2024-02-03 23:06:29'),
(4, '2024-08-14 00:33:03', 'Provident maxime voluptatem facere error et. Consequatur excepturi a voluptatem consequatur quia modi iusto. Repudiandae rerum qui cum repellendus ut.', 'https://via.placeholder.com/640x480.png/0099ff?text=eligendi', '2024-08-23 13:05:47'),
(4, '2024-08-25 02:22:47', 'Vel nobis quia suscipit nisi minus amet rerum iste. Quos praesentium et magni incidunt aliquam inventore voluptatem et.', 'https://via.placeholder.com/640x480.png/00ff66?text=esse', '2024-07-16 06:18:33'),
(4, '2024-09-04 01:29:02', 'Culpa reprehenderit sint iure mollitia est veritatis nesciunt. Reiciendis voluptate illo inventore incidunt molestias repellendus voluptatem. Eveniet commodi provident fuga perspiciatis corrupti at voluptas. Ducimus asperiores a beatae aliquam neque.', 'https://via.placeholder.com/640x480.png/0088ff?text=veniam', '2023-12-31 19:59:40'),
(5, '2024-01-26 19:04:05', 'Nostrum ut impedit fugit voluptatem aliquam. Magni harum ex et sint deleniti ea deserunt fuga. Asperiores quia expedita recusandae a dicta qui cupiditate. Eum quo odio corporis corporis adipisci qui dolores nihil.', 'https://via.placeholder.com/640x480.png/00dd55?text=in', '2024-07-04 19:28:21'),
(5, '2024-02-09 05:03:02', 'Non cum nam delectus iste. Nesciunt ab id veritatis voluptatem aliquid. Tenetur enim dolore vero eum aut.', 'https://via.placeholder.com/640x480.png/00aaaa?text=minus', '2024-02-05 18:55:18'),
(5, '2024-03-10 05:36:51', 'Magnam eum nostrum unde sed. Qui autem voluptates nemo nam expedita et. Eius ab ratione officia maxime nobis iste.', 'https://via.placeholder.com/640x480.png/007744?text=minima', '2024-04-06 22:55:32'),
(5, '2024-03-14 15:19:21', 'Nihil velit earum ipsum tempora nemo odio sit. Quis quidem sit omnis incidunt itaque magnam. Voluptatem et qui reiciendis nam adipisci omnis. Occaecati in vel sit odit minus molestiae harum dolor. Est corporis et commodi optio aut est.', 'https://via.placeholder.com/640x480.png/0077ee?text=perferendis', '2024-03-10 09:32:50'),
(5, '2024-03-16 16:17:22', 'Dolorem quam qui voluptatum est quibusdam. Id sapiente qui et vitae illo voluptates porro. Voluptas quo nihil eum error.', 'https://via.placeholder.com/640x480.png/009999?text=cum', '2024-02-01 23:01:59'),
(5, '2024-04-20 18:50:13', 'Enim voluptatibus tenetur officiis et. Atque tenetur aut dicta voluptatem id quo voluptatem. Iste dicta sed eum et enim.', 'https://via.placeholder.com/640x480.png/004466?text=at', '2024-07-19 02:39:04'),
(5, '2024-05-08 00:52:12', 'Dolor tempore vel eum perferendis praesentium quisquam quo. Dolor qui quia deleniti. Laboriosam quibusdam possimus animi.', 'https://via.placeholder.com/640x480.png/00aadd?text=aut', '2024-07-06 10:45:49'),
(5, '2024-05-20 22:45:16', 'Et sequi vero aut eveniet tempore fugit expedita. Cum omnis iste minima tenetur temporibus qui rerum. Fugit quae occaecati qui molestias totam vero.', 'https://via.placeholder.com/640x480.png/00cc11?text=ipsum', '2024-07-29 20:44:38'),
(5, '2024-05-23 10:38:59', 'Nesciunt qui voluptates repellat voluptatibus animi. Qui aut neque veniam tenetur corrupti quia. Autem adipisci exercitationem vitae optio omnis.', 'https://via.placeholder.com/640x480.png/00ee11?text=repellendus', '2024-05-18 17:49:31'),
(5, '2024-05-24 14:10:04', 'Earum perferendis nihil amet esse consequatur. In ut eaque explicabo rerum blanditiis. Ad eaque debitis nihil laborum debitis aut suscipit asperiores. Eos sint qui aut et. Vel cupiditate sapiente molestiae recusandae reiciendis saepe quia.', 'https://via.placeholder.com/640x480.png/00dd33?text=aliquid', '2024-03-27 20:58:54'),
(5, '2024-05-25 13:35:09', 'Quia sit sunt quidem dolorem. Consequatur blanditiis ullam eos dolore ex repellendus. Autem similique quia et dolor error accusamus qui.', 'https://via.placeholder.com/640x480.png/0055bb?text=a', '2024-03-24 02:55:14'),
(5, '2024-06-06 00:13:29', 'Commodi non ut reprehenderit atque. Sit odit voluptas numquam.', 'https://via.placeholder.com/640x480.png/007711?text=repellat', '2024-07-11 02:25:27'),
(5, '2024-06-15 08:36:05', 'Laboriosam fugiat atque veritatis minus. Repudiandae itaque consequuntur quidem debitis soluta doloremque. Suscipit quia repudiandae ullam libero recusandae sit consequatur est. Adipisci nisi illum molestias veritatis saepe in. Voluptatem praesentium qui earum natus nobis blanditiis numquam.', 'https://via.placeholder.com/640x480.png/003344?text=qui', '2024-08-31 08:46:34'),
(5, '2024-06-22 22:01:38', 'Voluptates minus quia perferendis sed architecto nisi sed. Similique provident quae ut tempora quo optio repellendus. Nihil et vitae laudantium suscipit vitae libero.', 'https://via.placeholder.com/640x480.png/00ff55?text=architecto', '2024-05-04 21:55:36'),
(5, '2024-06-24 07:15:32', 'Exercitationem ullam voluptatem consequatur magnam possimus. Sint sit voluptatem est atque corrupti consequatur. Tempore commodi rerum cupiditate minus est maiores.', 'https://via.placeholder.com/640x480.png/00ff11?text=qui', '2024-04-03 11:50:28'),
(5, '2024-07-14 03:09:08', 'Sed voluptas voluptas ab totam fuga ex. Sit provident qui deleniti. Sed inventore inventore voluptate voluptatem amet non.', 'https://via.placeholder.com/640x480.png/003388?text=et', '2024-07-29 12:53:48'),
(5, '2024-07-20 11:06:32', 'Et qui quod ut aut natus quos delectus. Veniam est omnis quod eos dolores amet fugit. Aut perferendis harum doloribus. Aut consectetur consectetur doloremque quod quasi deserunt.', 'https://via.placeholder.com/640x480.png/00aaff?text=sequi', '2024-03-15 12:56:35'),
(5, '2024-07-24 20:31:24', 'Nemo blanditiis ullam et nihil. Est possimus debitis laudantium et dicta sequi. Excepturi rerum rerum quam et accusamus quia.', 'https://via.placeholder.com/640x480.png/0033cc?text=dolores', '2024-01-08 21:42:12'),
(5, '2024-07-26 20:56:37', 'Perspiciatis necessitatibus non repellendus earum blanditiis autem accusamus aut. Qui itaque in expedita laborum id atque.', 'https://via.placeholder.com/640x480.png/009977?text=enim', '2024-04-16 09:56:56'),
(5, '2024-08-26 16:26:04', 'Doloremque consequatur dolorem voluptas optio accusamus. Qui repellat sit officia sunt dolor. Sed dolores incidunt et. Tempore et doloribus quaerat. Eveniet autem et magnam aliquam distinctio magnam aliquid et.', 'https://via.placeholder.com/640x480.png/00aa22?text=illum', '2024-02-13 04:05:02'),
(6, '2024-01-03 19:36:34', 'Fuga magni aut doloremque ut dignissimos aliquid. Ea delectus nihil ea neque. Aut qui sit ullam rerum perspiciatis qui eos. Quia dolorum deleniti sequi praesentium voluptatum et maiores.', 'https://via.placeholder.com/640x480.png/002288?text=assumenda', '2024-09-02 12:26:24'),
(6, '2024-02-20 23:23:04', 'Fugiat eos voluptatem dignissimos. Quibusdam aut exercitationem voluptas provident vel commodi. Qui delectus nisi architecto reiciendis consequatur.', 'https://via.placeholder.com/640x480.png/0000ee?text=expedita', '2024-07-02 23:36:55'),
(6, '2024-02-23 12:07:55', 'Labore quibusdam quasi hic. Qui sed eos id veniam necessitatibus. Reprehenderit eos nemo aut quod dolorem quia atque. Architecto molestias ut unde et et laborum sed.', 'https://via.placeholder.com/640x480.png/004466?text=reiciendis', '2024-03-29 11:48:55'),
(6, '2024-02-26 16:58:55', 'Aut omnis quidem in labore aliquam vel. Veniam soluta omnis repellat asperiores minima quos sed cumque. Soluta culpa laboriosam officiis. Dolorem doloremque porro debitis in cupiditate soluta necessitatibus. Quis magni quo blanditiis earum quia.', 'https://via.placeholder.com/640x480.png/0055cc?text=totam', '2024-04-23 05:04:26'),
(6, '2024-03-04 14:39:25', 'Non et doloribus sunt est tempora incidunt repellat rerum. Ipsam nam provident in est veritatis. Aspernatur corrupti sunt est ut voluptatum repudiandae.', 'https://via.placeholder.com/640x480.png/00bbff?text=porro', '2024-04-27 13:16:17'),
(6, '2024-03-18 09:08:07', 'Aut ipsam nesciunt iusto consequuntur vel repudiandae. Quo magni magnam nemo eum corrupti rerum omnis qui. Optio dolores illum at aut maiores rerum et. Quo consequatur praesentium quas quaerat est nisi nesciunt.', 'https://via.placeholder.com/640x480.png/00ff55?text=necessitatibus', '2024-06-25 13:00:54'),
(6, '2024-03-18 20:15:46', 'Quo ullam a ab autem adipisci praesentium omnis. Eum error aliquid qui ut alias. Aut facilis quas quia autem. Quis aperiam fuga fuga similique doloribus id.', 'https://via.placeholder.com/640x480.png/00bbbb?text=ullam', '2024-07-26 13:56:37'),
(6, '2024-04-05 11:40:29', 'Veritatis amet in illo aliquid vitae iste aliquam. Veniam iure optio facere. Et qui aspernatur nam tempore ullam.', 'https://via.placeholder.com/640x480.png/0077dd?text=atque', '2024-06-30 06:36:19'),
(6, '2024-04-27 06:20:03', 'Qui molestiae dolores corrupti ex aut totam ad maxime. Eligendi quasi voluptas esse doloremque. Sed id fugit rem error.', 'https://via.placeholder.com/640x480.png/0077dd?text=aut', '2024-03-03 22:35:31'),
(6, '2024-04-29 04:35:42', 'Odio maiores et non esse perferendis voluptate. Dolores quis doloremque est tenetur corrupti aperiam.', 'https://via.placeholder.com/640x480.png/0099ee?text=voluptates', '2024-05-26 13:50:39'),
(6, '2024-05-01 06:18:26', 'Cupiditate sit quia fugit quia ducimus quis doloremque nostrum. Deserunt fugiat quidem accusamus minus. Consequatur ea ut deleniti modi ea soluta officia nobis. Eos nihil repellendus excepturi in velit sequi.', 'https://via.placeholder.com/640x480.png/004488?text=similique', '2024-07-31 06:30:19'),
(6, '2024-05-06 08:16:20', 'Necessitatibus et soluta in et dolorem quo. Laboriosam enim amet placeat esse rerum tempora quos. Voluptatum mollitia nesciunt quis ea sunt nostrum.', 'https://via.placeholder.com/640x480.png/0022ee?text=distinctio', '2024-04-10 23:33:58'),
(6, '2024-05-28 15:11:49', 'Eum quia fuga consequatur assumenda quo quis. Libero laboriosam sit quis voluptatem sequi. Quod sed aut animi consequatur unde qui excepturi.', 'https://via.placeholder.com/640x480.png/0011ff?text=perspiciatis', '2024-05-03 09:58:04'),
(6, '2024-05-29 21:23:57', 'Qui aperiam expedita sit porro repudiandae nesciunt vel. Quaerat dicta nemo voluptates ipsum. Nam quas officia delectus repellat corporis. Autem velit ut consequatur.', 'https://via.placeholder.com/640x480.png/0011ff?text=expedita', '2024-02-24 20:40:16'),
(6, '2024-06-22 14:50:03', 'Aspernatur in quo atque fugit aut sunt. Accusantium labore veritatis et possimus nam. Blanditiis sed molestiae consequuntur numquam magni.', 'https://via.placeholder.com/640x480.png/0000dd?text=dignissimos', '2024-07-05 06:13:12'),
(6, '2024-08-08 11:54:53', 'Illo et veritatis veniam officia qui culpa voluptas accusamus. Error veritatis fuga id quia repellendus voluptas aspernatur aperiam. Quis omnis voluptatem porro quas.', 'https://via.placeholder.com/640x480.png/00ccaa?text=odit', '2024-09-03 04:09:28'),
(6, '2024-08-19 18:21:24', 'Deleniti est ea qui voluptate. Nobis occaecati laudantium sint explicabo. Ullam neque eos recusandae numquam id accusamus.', 'https://via.placeholder.com/640x480.png/0033cc?text=facere', '2024-04-18 10:24:04'),
(6, '2024-08-23 00:34:44', 'Et error eveniet dolores voluptas. Officia vero et minima voluptas minus. Exercitationem sapiente sit id est vel.', 'https://via.placeholder.com/640x480.png/003366?text=voluptatem', '2024-02-23 15:16:02'),
(6, '2024-08-31 03:15:41', 'Maxime eius aspernatur sed cum vel. Doloremque distinctio ratione quidem totam iure enim. Ratione consequuntur fugiat asperiores.', 'https://via.placeholder.com/640x480.png/001100?text=eos', '2024-02-15 01:00:57'),
(6, '2024-09-02 14:53:40', 'Pariatur sed nisi omnis alias quia minima. Doloribus hic ducimus quia natus est adipisci id fuga. Minima sed dolorem est. Necessitatibus sunt non ea natus.', 'https://via.placeholder.com/640x480.png/00bbdd?text=voluptatum', '2024-08-14 10:58:36'),
(7, '2024-01-03 00:58:18', 'Nam totam ea dolores quasi optio ratione. Ipsam quam perspiciatis quo dolore voluptas. Autem autem nisi repellat recusandae.', 'https://via.placeholder.com/640x480.png/00aa44?text=harum', '2024-07-22 15:20:44'),
(7, '2024-01-10 13:58:22', 'Magni aperiam est laudantium quia ab eius. Amet odit possimus repudiandae odio qui. Est laudantium molestias fugiat aut quo consequuntur. Minima hic eum in dolores ea vero.', 'https://via.placeholder.com/640x480.png/0077cc?text=voluptatem', '2024-01-26 09:10:09'),
(7, '2024-02-16 17:45:05', 'Perferendis magni et et quo facere vel quis. Id autem est quia officiis ullam vero asperiores dolorem. Eaque incidunt adipisci beatae non. In rerum dolores delectus occaecati.', 'https://via.placeholder.com/640x480.png/002244?text=enim', '2024-01-10 16:01:47'),
(7, '2024-03-10 14:55:23', 'Quidem rerum enim molestiae esse. Facere ab et dolorem tempore incidunt voluptatem. Non reprehenderit architecto corporis quos et. A deleniti et vel qui aut rerum amet.', 'https://via.placeholder.com/640x480.png/005533?text=itaque', '2024-06-17 03:13:55'),
(7, '2024-03-15 07:29:36', 'Soluta sit omnis illo quaerat. Autem et sit quaerat quo placeat. Animi repellat explicabo ullam sint enim. Animi est non ratione quis. Ut dolorem quia ullam itaque cupiditate consectetur.', 'https://via.placeholder.com/640x480.png/0088dd?text=dolor', '2024-02-02 14:57:53'),
(7, '2024-04-19 07:49:49', 'Eos quaerat aut tenetur porro eos ipsam. Iste est labore ut maxime enim adipisci illum. Sunt veritatis optio et culpa asperiores omnis rerum.', 'https://via.placeholder.com/640x480.png/00bbcc?text=excepturi', '2024-04-19 13:22:54'),
(7, '2024-04-29 05:44:10', 'Molestiae labore quibusdam quis fuga perspiciatis. Ut voluptatum id est facere et omnis. Odit dolorem excepturi suscipit ratione veniam. Facilis rerum necessitatibus corporis at voluptatem et saepe.', 'https://via.placeholder.com/640x480.png/000066?text=facere', '2024-06-04 17:15:06'),
(7, '2024-05-05 02:55:37', 'Assumenda ut aut beatae saepe. Enim aperiam ut non. Id amet quo at animi iusto facilis quo. Est incidunt animi natus et quis voluptas sit.', 'https://via.placeholder.com/640x480.png/00ccbb?text=nobis', '2024-01-26 03:47:38'),
(7, '2024-05-18 01:46:01', 'Porro blanditiis quod et natus et officiis quidem. Fugiat neque magni dolores rerum labore reprehenderit impedit. Est et omnis inventore culpa unde sed est.', 'https://via.placeholder.com/640x480.png/004477?text=et', '2024-04-04 20:38:44'),
(7, '2024-05-18 16:00:59', 'Aliquid sunt animi alias omnis distinctio provident perferendis. Unde aliquam nisi hic ad. Ipsum voluptatem et omnis quia facere quo tenetur. Quia cum velit voluptas est tempora.', 'https://via.placeholder.com/640x480.png/00ff33?text=minus', '2024-04-06 17:36:53'),
(7, '2024-05-21 13:11:33', 'Ut nihil delectus incidunt ut itaque enim temporibus sunt. Dignissimos deleniti similique id aspernatur voluptatum aut eaque ipsum. Quis laborum sit inventore repudiandae est.', 'https://via.placeholder.com/640x480.png/005555?text=error', '2024-03-06 05:28:17'),
(7, '2024-06-17 22:24:36', 'Ipsam error repudiandae a qui quia in minus. Commodi similique cupiditate et nemo minus vel nulla. Voluptate deserunt id occaecati quam. Dolorum delectus sit laboriosam nihil temporibus beatae. Harum ut consequatur placeat eum ut aspernatur.', 'https://via.placeholder.com/640x480.png/00bbcc?text=corrupti', '2024-08-08 12:15:32'),
(7, '2024-06-18 07:36:33', 'Dolores in quidem itaque aut provident. Perspiciatis quasi ipsam architecto ipsum eos doloribus. Laudantium omnis illo est temporibus.', 'https://via.placeholder.com/640x480.png/00eecc?text=sit', '2024-07-06 12:40:24'),
(7, '2024-06-20 03:03:44', 'Et quis maiores sint ut autem aperiam. Pariatur minima qui molestias repellendus aut aperiam ipsam. Quibusdam dolores in aut.', 'https://via.placeholder.com/640x480.png/00ff77?text=voluptates', '2024-02-04 22:13:54'),
(7, '2024-06-26 18:28:06', 'Qui illum unde ea vel quas. Iusto qui earum accusantium quae.', 'https://via.placeholder.com/640x480.png/00aadd?text=qui', '2024-02-11 20:53:58'),
(7, '2024-07-11 10:01:19', 'Facilis rerum occaecati libero possimus. Eos quia dolores rem. Tenetur unde voluptate assumenda non qui alias ea.', 'https://via.placeholder.com/640x480.png/0066cc?text=laboriosam', '2024-06-12 14:59:04'),
(7, '2024-07-21 13:38:08', 'Officia et voluptatem quas dignissimos est. Facilis ut repellat voluptatum voluptatem voluptatem eum. Sint voluptatem vel sed omnis est at nesciunt consequatur. Fugiat fugiat veniam blanditiis molestiae.', 'https://via.placeholder.com/640x480.png/005522?text=a', '2024-06-11 20:43:03'),
(7, '2024-08-06 04:08:24', 'Qui eos nihil ea saepe maiores. Nihil doloremque non quaerat dicta. Illum eum reiciendis ea sint nihil sunt itaque. Neque vero ut accusantium aut vero exercitationem. Eaque non sint quia reiciendis.', 'https://via.placeholder.com/640x480.png/0077dd?text=non', '2024-08-21 08:53:16'),
(7, '2024-08-14 05:21:02', 'Dolorem sed quasi voluptate eius magni. Hic error consequuntur et dolor. Dignissimos dolorem voluptates nihil similique laboriosam incidunt dolores. Aut ut voluptates nemo dolore iure rem.', 'https://via.placeholder.com/640x480.png/00dd33?text=qui', '2024-06-05 07:03:47'),
(7, '2024-08-29 07:30:33', 'Nihil fuga ad adipisci perferendis consequatur. Voluptatem laborum eos voluptatem magni eos culpa quis quibusdam. Aut sit qui occaecati aut suscipit. Illum quaerat alias rerum ut architecto omnis numquam consequatur.', 'https://via.placeholder.com/640x480.png/00dd00?text=aut', '2024-03-27 00:16:38'),
(8, '2024-01-01 23:16:35', 'Harum possimus eum sequi blanditiis quaerat. Numquam fugit rerum tempore voluptas repudiandae quidem.', 'https://via.placeholder.com/640x480.png/005599?text=soluta', '2024-05-28 09:53:30'),
(8, '2024-01-23 07:10:12', 'Et iure voluptatem similique iusto expedita. Accusantium cupiditate numquam doloremque ipsam expedita fuga fugit quod. Exercitationem corrupti voluptas expedita consequatur enim aliquid. Sint in aliquam fugiat consequatur tempora.', 'https://via.placeholder.com/640x480.png/005522?text=perspiciatis', '2024-07-18 04:56:42'),
(8, '2024-01-31 02:46:34', 'Officia maxime voluptas sunt. Dolores laudantium asperiores architecto maiores. Quia doloremque ullam illo et odio. Quo rerum minima ipsum.', 'https://via.placeholder.com/640x480.png/0044dd?text=non', '2024-04-07 10:52:02'),
(8, '2024-02-06 15:00:31', 'Voluptatem est recusandae velit blanditiis. Similique esse non aperiam. Tempore ratione fugiat cumque reiciendis dolorem. Adipisci distinctio et vel omnis debitis veritatis corrupti earum.', 'https://via.placeholder.com/640x480.png/00bb88?text=corrupti', '2024-06-24 21:42:51'),
(8, '2024-02-08 15:52:30', 'Et rem aspernatur sunt. Aut illum facere rem sit vel.', 'https://via.placeholder.com/640x480.png/00dddd?text=debitis', '2024-04-09 22:36:09'),
(8, '2024-02-29 19:41:08', 'Nam quia incidunt quis magnam. Eveniet sit et qui suscipit ut. Officiis repellat perspiciatis repudiandae id rerum pariatur molestiae fugit. Debitis rem voluptatem perspiciatis laborum.', 'https://via.placeholder.com/640x480.png/0011dd?text=quasi', '2024-02-01 10:30:15'),
(8, '2024-03-02 13:02:20', 'Autem error aliquid adipisci ut aut qui accusantium. Non perferendis deserunt nihil ut molestiae. Et quas et ab voluptatem repudiandae officiis amet.', 'https://via.placeholder.com/640x480.png/002277?text=in', '2024-01-30 02:06:56'),
(8, '2024-03-07 00:35:34', 'Totam eveniet facilis excepturi autem accusantium omnis quos. Sapiente est ipsam doloribus. Cumque sit incidunt est.', 'https://via.placeholder.com/640x480.png/006655?text=maiores', '2024-01-12 02:15:30'),
(8, '2024-03-10 04:24:30', 'Eos impedit aliquam dolore. Dolores voluptas quam eaque exercitationem et et. Non iusto eligendi vitae et.', 'https://via.placeholder.com/640x480.png/006622?text=sed', '2024-05-14 00:10:19'),
(8, '2024-03-23 16:30:58', 'Qui nihil enim repellat temporibus nisi quas quo. Cupiditate neque qui qui. Non eos quia illum ipsa. Quasi minus veniam et at quia consequatur in.', 'https://via.placeholder.com/640x480.png/005533?text=tempore', '2024-01-02 22:19:25'),
(8, '2024-03-24 12:48:27', 'Non labore veniam nihil ut necessitatibus qui. Sapiente voluptatem dolor sit qui ex qui neque impedit. Quibusdam minima impedit odio ad. Libero distinctio voluptas accusantium fuga aut.', 'https://via.placeholder.com/640x480.png/003399?text=iusto', '2024-07-03 04:43:14'),
(8, '2024-03-26 05:59:21', 'Adipisci autem itaque quidem magni nobis. Et quo et aut ullam consectetur in. Ducimus eligendi in qui eos ut consequuntur. Consequatur cupiditate nihil voluptatum tempora.', 'https://via.placeholder.com/640x480.png/00ee55?text=reiciendis', '2024-05-09 17:26:34'),
(8, '2024-04-14 03:10:47', 'Amet sequi non ex qui magni id minus. Fugiat omnis iste aliquam culpa facilis quia perspiciatis voluptatibus. Est rerum doloremque non dicta.', 'https://via.placeholder.com/640x480.png/008877?text=tempora', '2024-01-09 09:14:36'),
(8, '2024-04-30 08:30:05', 'Aut sapiente sit qui deserunt esse et aut. Aliquid neque maxime in fugiat voluptatum ut quo. Qui et sequi sed iste.', 'https://via.placeholder.com/640x480.png/0055ff?text=delectus', '2024-01-15 02:02:14'),
(8, '2024-05-13 18:13:14', 'Provident aut ut est minus temporibus distinctio blanditiis. Rerum dolorem accusantium debitis ipsa exercitationem dignissimos. Dolorem consequatur et dolorem voluptatem velit aspernatur error.', 'https://via.placeholder.com/640x480.png/00dd88?text=repellendus', '2024-03-27 10:00:08'),
(8, '2024-05-16 19:10:06', 'Omnis deserunt qui consectetur. Nulla et est in consequuntur iusto. Deserunt hic sint architecto soluta doloremque at esse omnis. Eos et aut voluptas eligendi. Numquam quisquam ullam nulla illum.', 'https://via.placeholder.com/640x480.png/00ee44?text=sit', '2024-03-17 14:22:09'),
(8, '2024-06-06 18:02:50', 'Rerum aliquid nisi quidem sint voluptas. Quos consequatur laborum in exercitationem autem. Dicta quia cumque vero esse ducimus soluta asperiores rerum.', 'https://via.placeholder.com/640x480.png/0011ee?text=sit', '2024-05-01 12:40:37'),
(8, '2024-07-23 04:21:27', 'Non culpa dolorem similique minima illo beatae vel quo. Voluptas inventore recusandae accusamus quasi dolorum. Odit animi suscipit eum et. Fugiat earum sit iure officia atque consectetur voluptatem quos. Qui omnis unde nihil.', 'https://via.placeholder.com/640x480.png/0033dd?text=explicabo', '2024-05-10 12:54:44'),
(8, '2024-07-29 08:34:20', 'Ipsum quaerat omnis facere et hic. Id cumque vero et tempore illo odit. Sit blanditiis est tenetur quos rerum omnis non excepturi. Sapiente et temporibus aut iusto quo et.', 'https://via.placeholder.com/640x480.png/0000bb?text=dolor', '2024-03-15 17:23:04'),
(8, '2024-08-07 02:48:08', 'Ipsam debitis libero ipsum dolor et sunt autem. Optio reiciendis animi quis et.', 'https://via.placeholder.com/640x480.png/00dd55?text=quia', '2024-07-03 19:55:11'),
(9, '2024-01-07 17:51:45', 'Qui velit beatae laborum rerum excepturi molestias numquam sapiente. Necessitatibus deleniti facilis quia non. Et earum ex sunt. In corrupti sit impedit ullam voluptatem aliquid. Dolores at veritatis quia sequi.', 'https://via.placeholder.com/640x480.png/0011cc?text=ipsum', '2024-06-02 04:51:36'),
(9, '2024-01-15 18:48:35', 'Consequatur quis modi provident at aut a. Iste ab expedita voluptatem sapiente.', 'https://via.placeholder.com/640x480.png/0055bb?text=repudiandae', '2024-03-04 16:01:34'),
(9, '2024-01-16 03:08:01', 'Ullam eaque laboriosam iure reprehenderit voluptas. Nihil et doloremque officiis nihil officia eligendi illo. Dolor voluptas enim iusto consequuntur optio quidem sint. Soluta molestiae enim culpa.', 'https://via.placeholder.com/640x480.png/0077ff?text=quia', '2024-08-29 13:17:09'),
(9, '2024-01-21 15:37:47', 'Omnis qui voluptas dolores qui repudiandae praesentium odit omnis. Qui at fugiat aliquid a iure illo. Assumenda aspernatur vero animi qui et fugit reprehenderit. Quia ut animi consectetur blanditiis sequi iure. Rerum nobis quos aut aperiam nobis non dolores.', 'https://via.placeholder.com/640x480.png/00aa99?text=facere', '2024-01-16 15:08:24'),
(9, '2024-02-24 05:17:37', 'Dolores reprehenderit ut eius pariatur voluptas delectus et. Tempora repudiandae in asperiores inventore. Ratione eum facilis ipsam vero ut nesciunt omnis. Quis sapiente nam itaque.', 'https://via.placeholder.com/640x480.png/003311?text=odit', '2024-03-25 23:28:29'),
(9, '2024-03-22 23:01:11', 'Laudantium ut voluptate exercitationem commodi. Rerum quia vitae voluptate suscipit. Id quod aut perspiciatis id aut fugiat error voluptatibus. Porro voluptatibus deserunt unde consequatur voluptas officiis sint dolor.', 'https://via.placeholder.com/640x480.png/002288?text=mollitia', '2024-07-31 00:33:07'),
(9, '2024-04-01 16:34:30', 'Nulla porro animi ut nisi. Distinctio qui et repellat minima id aliquid eum. Quia ut voluptas iusto consequuntur magnam in. Sapiente modi quam rerum molestiae.', 'https://via.placeholder.com/640x480.png/00dd22?text=laborum', '2024-04-30 11:28:56'),
(9, '2024-04-19 13:40:31', 'Dolorem eum nesciunt iure voluptatem earum. Nobis saepe dolore iste sint est voluptas error. Iste et rerum optio.', 'https://via.placeholder.com/640x480.png/002266?text=doloremque', '2024-02-11 04:44:16'),
(9, '2024-04-26 21:01:13', 'Molestiae sequi ea cum reiciendis atque assumenda reprehenderit. Quia tenetur aut dolore cum enim eligendi non deleniti. Nostrum voluptas rerum dolorem dicta quaerat est qui asperiores. Iusto voluptas distinctio provident omnis at assumenda dolore esse.', 'https://via.placeholder.com/640x480.png/0066dd?text=laboriosam', '2024-05-27 21:54:02'),
(9, '2024-05-14 20:06:11', 'Tenetur id dolorem beatae. Perspiciatis rerum omnis neque enim unde saepe. Doloribus sit fugiat rem et magni non. Autem incidunt dolor minima ducimus dolores quo cumque.', 'https://via.placeholder.com/640x480.png/005500?text=quae', '2024-08-14 10:26:56'),
(9, '2024-05-19 06:06:22', 'Modi omnis assumenda aut odit adipisci. Eum et ea labore laborum iste id minima.', 'https://via.placeholder.com/640x480.png/0088cc?text=eum', '2024-07-19 22:20:22'),
(9, '2024-05-23 00:05:32', 'Corrupti sit quibusdam at excepturi autem. Rem eum rerum commodi commodi. Ducimus corporis ab magni qui ab possimus. Quia qui rerum nesciunt animi sint beatae.', 'https://via.placeholder.com/640x480.png/006688?text=libero', '2024-08-04 10:06:28'),
(9, '2024-05-24 04:51:29', 'Ullam ipsum totam vero eum. Molestiae mollitia dolorem eligendi voluptas nemo. Deleniti perferendis rerum aspernatur ipsa voluptatum.', 'https://via.placeholder.com/640x480.png/007744?text=quibusdam', '2024-05-14 09:52:33'),
(9, '2024-06-14 10:21:37', 'Amet quia ut labore aliquam. Totam et deleniti ad. Totam qui cum non recusandae eaque.', 'https://via.placeholder.com/640x480.png/0011ee?text=ut', '2024-08-15 06:56:25'),
(9, '2024-07-02 14:21:11', 'Voluptates ea laudantium doloribus illo tenetur quam laborum a. Est voluptatem necessitatibus est ut excepturi ut facere. Ut velit quia aliquam quaerat fugiat quas. Illo et quod dolores aut impedit cupiditate. Eveniet dolorem praesentium similique ipsa sunt.', 'https://via.placeholder.com/640x480.png/00aabb?text=animi', '2024-07-21 08:02:17'),
(9, '2024-07-07 12:52:52', 'Odio odit eum eligendi. Dolorem facilis qui architecto blanditiis. Fugit animi omnis labore expedita laborum quam est. Consequatur deleniti sunt ea non et.', 'https://via.placeholder.com/640x480.png/008888?text=exercitationem', '2024-01-21 23:40:15'),
(9, '2024-08-03 23:24:16', 'Nihil quas eius non eius et ipsa. Nesciunt quos corporis at itaque velit aliquam. Consequatur est ut dignissimos quod ab. Praesentium omnis dolor dolor enim delectus amet esse.', 'https://via.placeholder.com/640x480.png/00cc00?text=adipisci', '2024-06-15 23:13:42'),
(9, '2024-08-18 02:42:41', 'Doloremque nostrum repellat facilis. Vitae perferendis in molestiae iste veritatis quasi natus. Molestiae nostrum autem vel sunt. Rerum dicta reprehenderit et eius.', 'https://via.placeholder.com/640x480.png/0099aa?text=magnam', '2024-06-27 22:56:00'),
(9, '2024-08-27 09:37:31', 'Veritatis ut ab consequatur ad in enim. Eos ut et voluptas quos eos dolorum aut. Distinctio ad quia sit molestiae aut non.', 'https://via.placeholder.com/640x480.png/00eecc?text=sint', '2024-05-09 15:45:55'),
(9, '2024-08-29 06:24:29', 'Deleniti tempore soluta repudiandae excepturi quas. Animi aliquid officiis perferendis neque veniam recusandae.', 'https://via.placeholder.com/640x480.png/00ddff?text=cupiditate', '2024-01-04 06:54:16'),
(10, '2024-01-03 03:33:59', 'Quia itaque numquam quo velit. Tempore sit nobis voluptatem omnis reiciendis. Itaque eum hic quibusdam praesentium dolor. Quam et nemo soluta dolorem.', 'https://via.placeholder.com/640x480.png/001133?text=aperiam', '2024-01-21 04:30:31'),
(10, '2024-01-05 19:15:58', 'Fugiat est soluta aut labore eaque. Nostrum placeat aliquam possimus voluptatibus quae et. Corrupti omnis dignissimos quos sint tenetur.', 'https://via.placeholder.com/640x480.png/0088ff?text=doloremque', '2024-06-14 18:54:29'),
(10, '2024-01-09 05:05:24', 'Quas sed exercitationem dolore ut minus. Eius omnis est mollitia fugit placeat sint. Ducimus animi consequatur deleniti adipisci. Vel ipsam fuga similique ullam.', 'https://via.placeholder.com/640x480.png/002255?text=pariatur', '2024-03-16 23:44:58'),
(10, '2024-01-18 23:13:54', 'Doloremque aut nemo maiores. Sunt consequatur et officiis non rem dolorem et. Cum libero dolorem odio ex dolores.', 'https://via.placeholder.com/640x480.png/009955?text=et', '2024-07-10 21:02:02');
INSERT INTO `daily_reports` (`user_id`, `created_at`, `content_text`, `content_photo`, `last_updated_at`) VALUES
(10, '2024-01-24 03:36:58', 'Voluptatem quis iusto vitae nihil et. Aliquid quam possimus beatae omnis perspiciatis at tenetur. Molestias asperiores et eveniet. Aut rerum natus voluptatem aut optio itaque voluptatem quos.', 'https://via.placeholder.com/640x480.png/005522?text=aut', '2024-08-09 10:58:29'),
(10, '2024-02-20 03:44:40', 'Ullam ipsum quo ratione quis nemo dolore. Quia aut ut est eius. Corporis odio natus non et.', 'https://via.placeholder.com/640x480.png/0055ff?text=reiciendis', '2024-01-01 12:36:17'),
(10, '2024-02-22 06:50:49', 'Sit voluptatibus omnis et tempora. Officia repudiandae dolorum dolore molestias deleniti. Quia distinctio autem sunt distinctio ea voluptas.', 'https://via.placeholder.com/640x480.png/00aabb?text=vero', '2024-06-08 14:38:55'),
(10, '2024-02-28 19:36:16', 'A excepturi provident in sit voluptas cupiditate et. Aut laboriosam corrupti incidunt non eos. Laborum similique nihil fugit.', 'https://via.placeholder.com/640x480.png/0099dd?text=est', '2024-06-02 21:31:56'),
(10, '2024-03-09 01:28:31', 'Et et esse voluptatibus minima alias et cumque illo. Temporibus nihil similique tempore provident. Voluptas quia recusandae expedita et.', 'https://via.placeholder.com/640x480.png/0066ff?text=adipisci', '2024-02-21 14:54:01'),
(10, '2024-03-13 08:50:06', 'Ea quidem voluptates voluptates accusamus praesentium. Aut fugiat laudantium assumenda ut. Deleniti cupiditate quasi et assumenda quo nostrum officiis. Aut non ipsam unde non in consequatur doloremque.', 'https://via.placeholder.com/640x480.png/008855?text=et', '2024-01-28 13:53:09'),
(10, '2024-05-12 15:05:19', 'Totam ut illo deleniti tempore tenetur eos eos. Expedita repellat eum voluptatem eum et. Voluptatem eum et exercitationem et ea quis et quos. Rerum ea voluptatem et saepe ea nulla.', 'https://via.placeholder.com/640x480.png/004422?text=vel', '2024-07-19 22:09:04'),
(10, '2024-05-25 04:40:59', 'Repudiandae voluptatem aut cupiditate. Id impedit qui iure quaerat rerum et sequi eum. Tenetur quia laboriosam et illum et et dolor. Ut eius soluta magni eius laudantium.', 'https://via.placeholder.com/640x480.png/00cc44?text=odio', '2024-02-13 04:46:17'),
(10, '2024-05-30 09:41:17', 'Eligendi possimus deserunt voluptas perferendis tempore et. Distinctio iste molestiae sed amet laudantium voluptates sapiente quam. Et eos quod suscipit eos at.', 'https://via.placeholder.com/640x480.png/00eeaa?text=natus', '2024-04-16 02:15:04'),
(10, '2024-06-08 13:16:02', 'Maxime earum dicta veniam iure. Libero minima distinctio quia labore molestias sed laborum. Soluta soluta odit qui officiis. Accusantium illum explicabo et suscipit.', 'https://via.placeholder.com/640x480.png/002266?text=laborum', '2024-08-05 13:49:24'),
(10, '2024-07-18 11:03:25', 'Amet optio non corrupti a magni voluptatem. Voluptatem quia praesentium libero deserunt officia. Et enim voluptas beatae consequatur ipsa non eius.', 'https://via.placeholder.com/640x480.png/0011ee?text=est', '2024-08-21 12:57:59'),
(10, '2024-07-21 16:40:44', 'Sint praesentium voluptas culpa omnis expedita. Ipsa harum soluta minima voluptate libero sint qui et. Praesentium fuga debitis tempora sed cum dignissimos omnis. Ipsa odio ut laborum quo porro quis.', 'https://via.placeholder.com/640x480.png/008844?text=odio', '2024-07-01 12:21:43'),
(10, '2024-07-31 18:56:19', 'Quasi quisquam libero mollitia officiis et. Reiciendis voluptatem dolorem a nulla. Qui vitae dolorem maxime sequi incidunt necessitatibus repudiandae. Facilis culpa numquam voluptatem. Facere a saepe explicabo eaque.', 'https://via.placeholder.com/640x480.png/007722?text=recusandae', '2024-01-12 05:05:03'),
(10, '2024-08-06 23:29:03', 'Itaque vel voluptatem eaque quasi. Quam voluptas vel dolorem autem. Quo distinctio accusantium aut explicabo.', 'https://via.placeholder.com/640x480.png/008833?text=sit', '2024-05-07 23:27:52'),
(10, '2024-08-29 05:13:17', 'Quia aperiam quod quaerat itaque. Expedita non dolor a quo est. Sit sequi et libero ipsum aperiam. Eveniet eveniet eum veniam ex porro. Reiciendis quibusdam quas quo ut enim nam explicabo.', 'https://via.placeholder.com/640x480.png/004499?text=in', '2024-08-05 06:18:11'),
(10, '2024-09-03 01:40:34', 'Quia necessitatibus blanditiis eum quidem facere qui. Quia tenetur possimus esse hic impedit. Praesentium facere fugiat et repellendus.', 'https://via.placeholder.com/640x480.png/007788?text=et', '2024-04-13 08:06:00'),
(11, '2024-01-05 22:13:21', 'Qui sequi ipsam sapiente voluptate quod soluta corporis repudiandae. Voluptatum consequatur rerum tenetur vero quae. Praesentium eum omnis odit numquam. Et possimus assumenda sed quia repudiandae.', 'https://via.placeholder.com/640x480.png/0088bb?text=vel', '2024-04-24 13:01:29'),
(11, '2024-01-10 01:46:33', 'Natus beatae exercitationem rerum debitis earum perferendis deserunt. Tenetur officia voluptatum dolorum aliquam occaecati adipisci. Voluptates quo reiciendis qui exercitationem iste quia velit.', 'https://via.placeholder.com/640x480.png/00eeaa?text=quia', '2024-02-16 08:52:46'),
(11, '2024-01-17 08:02:36', 'Est minima et ut quidem ullam. Sit quod voluptatem dicta aut. Enim eaque pariatur ex officia et.', 'https://via.placeholder.com/640x480.png/00eeee?text=veritatis', '2024-05-31 06:44:28'),
(11, '2024-01-24 11:33:05', 'Unde dolorem qui quia voluptates odit. Amet sit et quidem ut dicta voluptas. Ut tenetur possimus atque vel debitis est.', 'https://via.placeholder.com/640x480.png/002255?text=rem', '2024-08-11 03:16:27'),
(11, '2024-01-25 20:48:51', 'Dicta ducimus recusandae aliquam repellat. Dolorem odit sequi atque porro eligendi dolores commodi. Doloribus eligendi est est.', 'https://via.placeholder.com/640x480.png/0055ff?text=ea', '2024-02-20 12:47:35'),
(11, '2024-02-20 12:13:49', 'Ratione culpa ex ad corporis sit blanditiis. Vero laudantium reiciendis eveniet et nulla dolorem. Vel explicabo velit quis corrupti accusamus. Totam dolorem doloribus est harum maiores enim numquam omnis.', 'https://via.placeholder.com/640x480.png/005511?text=nemo', '2024-07-06 08:03:11'),
(11, '2024-03-02 06:06:30', 'Et quaerat facere omnis non nam et dolorem veniam. Aut fuga vero dolores atque sed sed.', 'https://via.placeholder.com/640x480.png/009966?text=reprehenderit', '2024-03-15 05:09:08'),
(11, '2024-03-20 05:21:26', 'Tempora quibusdam placeat minus ut dolores ex impedit culpa. Tempora sit autem excepturi qui eos neque. Doloremque ipsam ea atque voluptatem sit omnis vitae.', 'https://via.placeholder.com/640x480.png/001144?text=qui', '2024-01-17 09:06:33'),
(11, '2024-03-24 09:15:06', 'Sequi ipsa aliquam voluptas vitae. Tenetur eos autem minus ut eum non.', 'https://via.placeholder.com/640x480.png/00ff22?text=vitae', '2024-05-17 09:16:58'),
(11, '2024-04-11 09:11:13', 'Iste laboriosam quisquam rem et ex vel quae. Quod a praesentium dolores alias autem et. Autem minima culpa voluptatem vitae ea rerum nam sed.', 'https://via.placeholder.com/640x480.png/0011dd?text=voluptatum', '2024-08-18 18:08:59'),
(11, '2024-04-17 12:21:44', 'Quibusdam laborum cupiditate ut. Occaecati qui aspernatur quis ipsam consequuntur. Aut ducimus accusamus sapiente tempore quis.', 'https://via.placeholder.com/640x480.png/001100?text=fugiat', '2024-05-01 00:50:47'),
(11, '2024-04-19 09:45:13', 'Harum dolores deleniti dolor molestiae. Ut odit nam animi eum autem. Quisquam ipsam harum qui odit facilis.', 'https://via.placeholder.com/640x480.png/00bbff?text=voluptatem', '2024-04-06 10:32:58'),
(11, '2024-04-20 07:56:14', 'Commodi deserunt atque ipsam iure blanditiis accusamus. Et autem qui minus qui dolorum non sunt. Facilis corrupti voluptas at deleniti.', 'https://via.placeholder.com/640x480.png/00aa11?text=doloribus', '2024-01-19 01:58:44'),
(11, '2024-06-19 21:51:15', 'Modi recusandae quidem autem consequatur ea iure accusamus provident. Adipisci deleniti nemo id sed placeat.', 'https://via.placeholder.com/640x480.png/00dd44?text=iure', '2024-08-02 07:37:21'),
(11, '2024-06-25 00:37:17', 'Vel eum voluptas reprehenderit consequatur sit dolor corrupti. Blanditiis possimus quia et enim magnam et. Ab quod blanditiis deleniti eveniet assumenda odio. Fugiat nobis ullam blanditiis.', 'https://via.placeholder.com/640x480.png/008855?text=impedit', '2024-08-07 15:26:13'),
(11, '2024-07-11 10:31:50', 'Repudiandae eum et dolor. Et voluptas natus quam quasi. Accusantium aut consequatur et aut quo dolorem.', 'https://via.placeholder.com/640x480.png/006611?text=laudantium', '2024-01-11 12:54:44'),
(11, '2024-07-13 05:20:59', 'Ut occaecati sit sapiente laudantium ea iure aut. Atque a ipsa dolores quis odit qui perferendis voluptas. Laudantium blanditiis praesentium sunt amet.', 'https://via.placeholder.com/640x480.png/003399?text=delectus', '2024-05-17 20:45:12'),
(11, '2024-07-22 06:07:43', 'Fugiat aspernatur error et ipsum qui est culpa. At ratione minus officiis dolores voluptas. Quasi accusantium dolore at sunt ut debitis.', 'https://via.placeholder.com/640x480.png/0044bb?text=quas', '2024-01-18 08:46:47'),
(11, '2024-08-03 05:01:20', 'Beatae voluptatem est rerum culpa. Eius ipsum voluptatem consequuntur et facere facere reprehenderit. Saepe nihil dignissimos eveniet ut eaque ex. Voluptatem quos necessitatibus alias et est odio.', 'https://via.placeholder.com/640x480.png/008877?text=non', '2024-03-14 09:20:13'),
(11, '2024-08-04 02:41:06', 'Sed aut odit dolores sapiente. Magni aliquam quia totam aut. Voluptatum sunt cumque eius expedita iure et ut. At recusandae facilis quis quae sequi reprehenderit quia magni.', 'https://via.placeholder.com/640x480.png/007733?text=excepturi', '2024-08-06 09:41:36'),
(12, '2024-01-01 22:52:46', 'Velit sit omnis rem omnis. Voluptatem velit expedita quae aut minima voluptas sed. Laboriosam veniam nisi sed est nobis quis.', 'https://via.placeholder.com/640x480.png/00aa00?text=rerum', '2024-03-03 17:54:54'),
(12, '2024-02-04 07:53:21', 'Modi repudiandae quas voluptas dolor eum quae. Voluptatem aut dolores ipsa suscipit. Ut sit dignissimos dolores similique possimus.', 'https://via.placeholder.com/640x480.png/0066ff?text=dolorem', '2024-03-29 19:52:41'),
(12, '2024-02-16 04:28:19', 'Dolor temporibus alias ipsum rerum. Ratione dignissimos sunt sapiente tempore et. Commodi et aut in suscipit nesciunt neque natus.', 'https://via.placeholder.com/640x480.png/005588?text=excepturi', '2024-01-28 01:21:35'),
(12, '2024-02-17 02:43:50', 'Itaque veniam eaque voluptatem quos. Assumenda voluptate dignissimos commodi expedita rem perferendis. Et quas quo nam minus qui.', 'https://via.placeholder.com/640x480.png/00bb00?text=vel', '2024-04-11 00:37:49'),
(12, '2024-02-19 03:59:20', 'Voluptatem incidunt et et error consequuntur ad omnis. Ex nisi consequatur non ex eos debitis deserunt. Minima molestiae repudiandae fuga sunt delectus dignissimos non.', 'https://via.placeholder.com/640x480.png/00ff88?text=cum', '2024-06-27 03:11:13'),
(12, '2024-02-28 00:51:22', 'Perferendis quis eligendi ut odit inventore. Dolor expedita assumenda recusandae. Nisi non dolores fuga magnam velit. Libero sed dolores est eius sunt quo incidunt.', 'https://via.placeholder.com/640x480.png/0011cc?text=sint', '2024-05-19 08:01:32'),
(12, '2024-03-27 16:31:19', 'Molestias quae qui numquam omnis sunt. Voluptas praesentium et saepe voluptates minima distinctio quo. Earum laboriosam perferendis deleniti consequatur alias quo. Enim quia soluta laudantium iste.', 'https://via.placeholder.com/640x480.png/007744?text=iusto', '2024-07-02 08:03:00'),
(12, '2024-04-14 17:32:37', 'Atque mollitia dolorem ut perferendis praesentium libero. Dolore voluptas occaecati veritatis debitis eveniet non repudiandae. Totam dolorum cupiditate sunt repellat nam.', 'https://via.placeholder.com/640x480.png/00eeaa?text=est', '2024-08-29 05:57:38'),
(12, '2024-04-22 14:31:23', 'Debitis sit eos aut et quia delectus esse. Aut quis non aut qui officiis voluptates natus. Omnis impedit dolor ratione non velit quod. Facere eos perferendis distinctio.', 'https://via.placeholder.com/640x480.png/00ddcc?text=sunt', '2024-08-18 08:46:49'),
(12, '2024-04-25 19:27:59', 'Mollitia voluptas eos modi voluptas qui blanditiis sed. Facilis et quod possimus vel ut. Est quae quasi rerum veritatis voluptas.', 'https://via.placeholder.com/640x480.png/0066dd?text=voluptatem', '2024-02-11 17:22:11'),
(12, '2024-05-04 12:18:25', 'Et quod non dolorem quasi aliquam molestiae beatae. At ipsam odio quia qui. Fuga labore laborum et perspiciatis aliquam est.', 'https://via.placeholder.com/640x480.png/00dddd?text=voluptatem', '2024-04-08 05:56:39'),
(12, '2024-05-07 00:44:49', 'Odio adipisci est quo. Voluptas nisi quos facere quia deleniti voluptatibus. Odio sequi neque possimus impedit. Laudantium tenetur tempore excepturi magni earum eos id.', 'https://via.placeholder.com/640x480.png/003333?text=incidunt', '2024-07-30 19:30:16'),
(12, '2024-05-09 09:59:07', 'Iure iure dolores architecto repellat voluptas. Qui dolorem quia quis illo voluptates eos iure. Autem est reprehenderit ratione saepe. Autem sit velit molestiae adipisci quo modi et accusantium. Ut eligendi laudantium hic rem omnis.', 'https://via.placeholder.com/640x480.png/0011dd?text=qui', '2024-03-17 07:41:12'),
(12, '2024-06-11 02:38:05', 'Nisi beatae aliquam nesciunt sed. Libero quod praesentium id ut. Doloremque et quidem illum. Vel est voluptatum quod aut quae omnis exercitationem. Dolorum laborum nobis possimus itaque beatae dolore.', 'https://via.placeholder.com/640x480.png/00ee66?text=quisquam', '2024-06-07 10:07:31'),
(12, '2024-06-17 02:00:29', 'Eum qui nam perspiciatis sequi quasi ex atque. Est veritatis quis tempore dolores porro et. Alias qui sit enim excepturi.', 'https://via.placeholder.com/640x480.png/00ee22?text=dolores', '2024-07-05 15:51:58'),
(12, '2024-06-26 23:41:29', 'Molestias ut a sint quis a nihil architecto. Quo ex alias voluptatum nulla. Consequatur voluptatem unde blanditiis eos cum. Fugiat aut aut cupiditate occaecati consequatur recusandae.', 'https://via.placeholder.com/640x480.png/00bb99?text=dolor', '2024-04-03 00:17:32'),
(12, '2024-07-15 09:03:15', 'Error atque et autem quibusdam rerum. Doloribus exercitationem ipsam enim beatae.', 'https://via.placeholder.com/640x480.png/0088cc?text=voluptas', '2024-01-27 15:22:46'),
(12, '2024-07-17 05:58:37', 'Voluptas velit vero sint nesciunt. Expedita cumque explicabo commodi molestiae et aperiam. Ullam eum corrupti voluptatem veniam.', 'https://via.placeholder.com/640x480.png/00eecc?text=ut', '2024-03-24 07:59:38'),
(12, '2024-08-07 20:01:00', 'Et pariatur doloribus cumque ipsa adipisci eius vero. Nihil error a velit a vel aut nulla. Nesciunt quo nobis possimus ea qui.', 'https://via.placeholder.com/640x480.png/007799?text=nisi', '2024-08-11 07:40:37'),
(12, '2024-08-20 15:03:45', 'Assumenda asperiores earum eius ut laborum expedita saepe. Eligendi sed laboriosam dignissimos repellat unde tenetur at et. Tempora ut et voluptate fugit perspiciatis consequuntur sed. Distinctio quibusdam totam optio doloribus consequatur ad labore.', 'https://via.placeholder.com/640x480.png/002233?text=quibusdam', '2024-02-01 03:21:02'),
(12, '2024-09-05 02:21:06', 'aaasd', NULL, '2024-09-05 02:21:06'),
(13, '2024-01-11 21:55:35', 'Maiores non voluptatem quo et non error consequatur est. Doloremque aliquam non nostrum occaecati sed doloribus. Explicabo dolore aliquam ipsum tempora beatae.', 'https://via.placeholder.com/640x480.png/003300?text=ad', '2024-07-19 18:45:44'),
(13, '2024-01-24 17:14:05', 'Cum ipsa ut ipsam ab corrupti ut libero earum. Et nihil odio explicabo pariatur repellat. Impedit atque at assumenda aut aperiam eos ratione. Voluptatem accusantium id qui distinctio magni iste.', 'https://via.placeholder.com/640x480.png/002266?text=aut', '2024-05-16 22:50:46'),
(13, '2024-02-08 05:12:12', 'Quasi quia velit similique vel maiores neque tempore laborum. Ab quasi iusto optio. Et harum sint nulla quae.', 'https://via.placeholder.com/640x480.png/005500?text=iusto', '2024-02-07 21:50:35'),
(13, '2024-02-12 08:11:48', 'Quia in hic dolore voluptas aspernatur eos. Ea qui eos sunt harum et ea. Adipisci dolore ut nostrum ratione molestias.', 'https://via.placeholder.com/640x480.png/0099ee?text=perferendis', '2024-03-27 02:34:26'),
(13, '2024-02-16 20:53:40', 'Nulla labore laboriosam veritatis aut ipsum nulla. Aut quidem temporibus distinctio ut quo ut inventore voluptas. Totam totam eum voluptates. Deleniti veniam voluptatibus neque dolorem tempore vel odit.', 'https://via.placeholder.com/640x480.png/00ff88?text=dignissimos', '2024-08-05 07:50:52'),
(13, '2024-03-04 19:21:40', 'Alias sint aliquam aut vitae praesentium sunt dolorum architecto. Velit et ut sed fugiat quod officia laborum. Aspernatur rem quia sequi optio et. Non iure qui reprehenderit.', 'https://via.placeholder.com/640x480.png/006644?text=veritatis', '2024-05-03 02:38:02'),
(13, '2024-03-12 00:20:29', 'Magni soluta aut architecto. Hic accusamus pariatur nihil corporis.', 'https://via.placeholder.com/640x480.png/007700?text=repellat', '2024-07-22 02:15:33'),
(13, '2024-03-13 16:20:55', 'Voluptatem eaque assumenda soluta accusamus nulla iure. Accusantium qui vel ut accusantium vel aut dolore eius. Natus asperiores atque veritatis ex ut adipisci ut. Sequi ut fugiat fugit ex explicabo magnam delectus.', 'https://via.placeholder.com/640x480.png/0033aa?text=eius', '2024-01-07 18:32:39'),
(13, '2024-04-11 05:01:51', 'Debitis aliquid molestias commodi. Reprehenderit est modi aliquid. Earum sit nulla velit praesentium omnis sit dolorem. Expedita ea qui inventore.', 'https://via.placeholder.com/640x480.png/0044aa?text=non', '2024-05-11 23:49:03'),
(13, '2024-04-26 21:44:25', 'Praesentium qui corrupti sed incidunt a dolores. Consequatur commodi minima consequatur sed. Deserunt minima magnam numquam rerum quidem et quia.', 'https://via.placeholder.com/640x480.png/0066cc?text=beatae', '2024-07-23 09:08:03'),
(13, '2024-05-23 10:31:06', 'Impedit quaerat qui beatae voluptatem sit adipisci ut deleniti. Quo accusantium illo in quisquam porro quod. Dignissimos et tempora iusto quis sit numquam alias.', 'https://via.placeholder.com/640x480.png/005500?text=dignissimos', '2024-03-11 16:05:03'),
(13, '2024-05-30 09:18:02', 'Et aut nemo culpa in minima. Aperiam vitae officiis porro sapiente a ipsa cum id. Assumenda atque inventore architecto dolores ipsa dolor pariatur.', 'https://via.placeholder.com/640x480.png/0088bb?text=sint', '2024-08-03 04:34:04'),
(13, '2024-06-01 15:49:26', 'Mollitia delectus labore mollitia tempora eos unde mollitia dolorem. Perspiciatis necessitatibus et nihil non. Maiores sint ea dolor earum.', 'https://via.placeholder.com/640x480.png/005566?text=eveniet', '2024-08-04 05:25:44'),
(13, '2024-06-10 18:36:45', 'Necessitatibus aut sequi dolores et aperiam facilis. Illo perspiciatis voluptatem harum et fugiat debitis. Nisi beatae molestiae inventore est soluta. Et et omnis corporis et. Natus eligendi earum perspiciatis dolorem ut corrupti quae cumque.', 'https://via.placeholder.com/640x480.png/0022bb?text=dolores', '2024-04-18 00:07:20'),
(13, '2024-06-23 08:46:25', 'Quis aut dolorem harum. Vel voluptatem quis eligendi quod et asperiores iusto. Voluptatem sit quis non sed.', 'https://via.placeholder.com/640x480.png/0099dd?text=minus', '2024-03-25 05:46:07'),
(13, '2024-06-23 18:49:36', 'Qui ipsa enim similique et corrupti ipsam. Temporibus magni ex neque molestiae placeat ipsa molestiae. Id sed placeat dolor minima accusamus. Saepe ducimus omnis est consequuntur.', 'https://via.placeholder.com/640x480.png/007733?text=illo', '2024-06-04 11:44:24'),
(13, '2024-07-25 06:13:12', 'Corporis labore ad consequatur. Fuga nihil voluptas laborum corporis at. Molestias voluptate praesentium consequatur quam velit qui quo. Numquam consequuntur dolorem qui voluptas aut. Deserunt dolor est eum quis eos assumenda voluptate.', 'https://via.placeholder.com/640x480.png/0011ee?text=voluptatem', '2024-05-02 10:41:59'),
(13, '2024-08-03 06:59:32', 'Exercitationem mollitia exercitationem consequuntur. Similique minus soluta tempora. Occaecati reiciendis voluptas laboriosam libero quae doloremque. Natus modi omnis omnis ea nam soluta.', 'https://via.placeholder.com/640x480.png/004400?text=reprehenderit', '2024-02-17 20:04:32'),
(13, '2024-08-03 11:41:24', 'Illum amet vero quae aspernatur. Distinctio voluptatem qui hic est tempora nobis enim.', 'https://via.placeholder.com/640x480.png/00cc55?text=dolorum', '2024-06-19 01:40:11'),
(13, '2024-08-10 23:32:13', 'Vel dolore eligendi eaque delectus suscipit aut. Sit suscipit sit consequatur porro. Expedita sapiente voluptatem saepe quidem totam qui non. Recusandae perferendis commodi consequuntur voluptatem.', 'https://via.placeholder.com/640x480.png/00eeee?text=eos', '2024-07-30 06:31:25'),
(14, '2024-01-05 09:36:02', 'Quidem culpa dolor modi minus quisquam explicabo perferendis et. Eligendi ea reprehenderit quas rerum minus. Excepturi soluta quaerat atque nemo eaque repudiandae optio. Non ratione nulla suscipit rerum eum dignissimos aliquam.', 'https://via.placeholder.com/640x480.png/00dd33?text=et', '2024-03-01 13:22:22'),
(14, '2024-01-22 06:24:27', 'Rem illum velit dolore tenetur. Neque hic et non. Maiores reiciendis ullam et qui autem tempora quam.', 'https://via.placeholder.com/640x480.png/00bb77?text=tempora', '2024-02-07 06:15:05'),
(14, '2024-02-11 18:37:11', 'Sit aut veritatis animi placeat est ducimus rerum. Adipisci facere nulla cumque veniam delectus voluptatem exercitationem. Repellat rerum alias facilis corrupti beatae.', 'https://via.placeholder.com/640x480.png/0055ff?text=voluptates', '2024-06-09 02:58:56'),
(14, '2024-03-01 20:41:39', 'Quia quis dolorem eveniet animi tempore voluptatem. Ipsa quis laboriosam molestias officiis. Et voluptates repellendus porro alias dolor. Et omnis saepe cumque ut.', 'https://via.placeholder.com/640x480.png/00cc88?text=rerum', '2024-01-25 06:53:36'),
(14, '2024-03-22 16:35:47', 'Dolorum dolor similique vero aliquid quidem. Aut est omnis quis ut numquam doloremque. Praesentium fuga aliquam aperiam nobis qui dolor nemo iure.', 'https://via.placeholder.com/640x480.png/00bb33?text=alias', '2024-05-05 14:06:01'),
(14, '2024-03-23 18:24:21', 'Omnis ratione sit et sunt minus dolores id. Aut earum non sit. Commodi eius sed eveniet. Rerum iusto est laboriosam placeat.', 'https://via.placeholder.com/640x480.png/000000?text=doloribus', '2024-09-01 11:01:10'),
(14, '2024-04-15 04:37:28', 'Aspernatur nulla officia omnis dolorem quia. Dolor fugit aut eos facere. Aut dicta sed ducimus officia ullam omnis.', 'https://via.placeholder.com/640x480.png/00cc22?text=dolor', '2024-04-18 23:39:42'),
(14, '2024-04-15 08:24:09', 'Quo atque ipsam quas tenetur odit. Reprehenderit aspernatur consequatur ea itaque nostrum. Incidunt amet quo incidunt et et est excepturi at. Fugit illum odio dolorem quia sint enim ut.', 'https://via.placeholder.com/640x480.png/00ff88?text=eveniet', '2024-07-03 22:31:04'),
(14, '2024-05-05 03:48:11', 'Aut incidunt aut animi unde illum quo. Quis provident rerum porro ullam. Aliquam laudantium sunt ipsa minus. Aut sapiente occaecati neque sint.', 'https://via.placeholder.com/640x480.png/001133?text=possimus', '2024-05-09 17:29:18'),
(14, '2024-05-14 11:23:50', 'Adipisci molestiae facere cumque quaerat velit minus itaque. Consectetur qui tenetur est asperiores accusamus. Ex libero placeat veritatis dolorem. Impedit asperiores perferendis nesciunt voluptate quibusdam praesentium qui.', 'https://via.placeholder.com/640x480.png/005555?text=et', '2024-07-06 13:46:03'),
(14, '2024-06-01 02:45:08', 'Voluptas dolorum laborum quisquam recusandae ut aperiam. Esse quis cum perferendis vel et eum. Autem qui pariatur a magni placeat voluptatem sunt.', 'https://via.placeholder.com/640x480.png/003366?text=iure', '2024-04-16 05:37:38'),
(14, '2024-06-04 07:32:23', 'Id consequatur ipsum incidunt natus. Ipsam quis vero laboriosam numquam quibusdam harum voluptate. Fugiat molestiae eos dicta quos totam. Ab dolores omnis ut unde aliquam.', 'https://via.placeholder.com/640x480.png/00ccaa?text=mollitia', '2024-08-15 03:37:56'),
(14, '2024-06-23 16:57:48', 'Repellat ad aut corrupti nemo consequatur. Consequatur provident eos minima qui cupiditate quis dolor libero. Magnam voluptatum non voluptas rerum corporis vero.', 'https://via.placeholder.com/640x480.png/009922?text=sit', '2024-03-20 05:57:16'),
(14, '2024-07-04 16:36:46', 'Reiciendis vel modi eveniet. Sunt fugiat harum repellat expedita. Laboriosam magni quia dolore sequi voluptatem asperiores.', 'https://via.placeholder.com/640x480.png/006688?text=dolor', '2024-06-06 15:33:48'),
(14, '2024-07-05 01:11:32', 'Similique et doloribus ducimus et beatae. Possimus illo harum sint tenetur consequatur sit et veniam. Atque reiciendis sit eum voluptatum ea. Voluptatum fugit consequatur quis maxime doloribus.', 'https://via.placeholder.com/640x480.png/00bbbb?text=aut', '2024-05-14 03:13:08'),
(14, '2024-07-25 17:28:00', 'Velit itaque quidem hic repellat. Explicabo id doloremque rerum non nulla voluptas nemo. Quam asperiores amet pariatur ut neque totam. Quas odio autem cum dolorem error.', 'https://via.placeholder.com/640x480.png/00aaaa?text=recusandae', '2024-08-08 19:35:37'),
(14, '2024-07-28 14:16:06', 'Incidunt perferendis voluptatem non ut vel et qui. Recusandae magnam culpa qui.', 'https://via.placeholder.com/640x480.png/00dd66?text=eligendi', '2024-08-30 13:21:04'),
(14, '2024-08-09 02:27:44', 'Officiis et sit ea beatae voluptatibus. Quis blanditiis adipisci ipsam ea id. Magnam aperiam a saepe impedit est quibusdam iusto. Consequatur recusandae fuga aut. Cum dicta rem quibusdam repellat.', 'https://via.placeholder.com/640x480.png/008800?text=quo', '2024-03-30 00:28:37'),
(14, '2024-08-26 07:19:44', 'Nobis odit delectus magni dicta. Qui omnis dolor aliquid assumenda. Minus nihil voluptas aut est aliquid eum corrupti rem.', 'https://via.placeholder.com/640x480.png/008844?text=quod', '2024-06-06 09:48:48'),
(14, '2024-08-30 16:05:04', 'Minus voluptatibus deleniti sunt quisquam et quibusdam. Rerum sed sunt consequatur enim ea sunt occaecati. Corporis in dolorum ut vero sunt.', 'https://via.placeholder.com/640x480.png/0044cc?text=soluta', '2024-06-30 16:23:58'),
(15, '2024-01-09 04:00:34', 'Culpa ea ad maiores. Aut provident quo esse. Sed quod dolorem occaecati eos est omnis non. Dolores qui tempora beatae consectetur beatae eum impedit. Enim ut earum aliquid ut dolor.', 'https://via.placeholder.com/640x480.png/0055bb?text=cumque', '2024-02-11 22:33:33'),
(15, '2024-02-04 18:34:41', 'Totam nulla hic sit voluptate labore. Ex quas reprehenderit repellendus illo ut consequatur nam. Totam quisquam et enim perferendis.', 'https://via.placeholder.com/640x480.png/00ffbb?text=cumque', '2024-04-24 15:34:33'),
(15, '2024-02-07 23:15:36', 'Maiores incidunt perspiciatis aperiam et expedita dolorem. Nam libero aliquam pariatur hic enim voluptate culpa. Facilis occaecati voluptas asperiores placeat voluptate.', 'https://via.placeholder.com/640x480.png/005588?text=modi', '2024-07-09 07:11:41'),
(15, '2024-02-10 14:26:41', 'Vel dolor sint optio consequuntur. Est odio culpa aut enim facere error itaque. Tempore quidem hic magni nihil consequatur enim pariatur minima. Officiis doloremque quia corporis voluptas aperiam eos.', 'https://via.placeholder.com/640x480.png/003399?text=quia', '2024-08-21 15:50:38'),
(15, '2024-02-23 17:34:23', 'In dolor unde magnam. Fugit veniam soluta dolore veritatis consequuntur rerum. Reiciendis error enim illum commodi blanditiis quis itaque. Dicta eius sunt sit dolorem iusto voluptate.', 'https://via.placeholder.com/640x480.png/004411?text=minima', '2024-05-03 21:55:35'),
(15, '2024-03-04 02:26:39', 'Similique autem veritatis quia impedit unde ipsa eligendi. Sed deserunt eligendi soluta nam aliquam. Laudantium voluptatem excepturi unde eligendi quam.', 'https://via.placeholder.com/640x480.png/006611?text=tenetur', '2024-03-29 22:23:37'),
(15, '2024-03-04 06:35:01', 'Eos unde quibusdam modi. Aut aut iste consequuntur saepe at. Sint vitae incidunt amet incidunt eligendi. Libero placeat animi voluptate in.', 'https://via.placeholder.com/640x480.png/00dd11?text=et', '2024-03-13 23:56:26'),
(15, '2024-03-14 19:13:51', 'Vel ab in et ut. Debitis consequatur et aut nulla. Nihil voluptatem rerum assumenda. Et et sit quibusdam repellat pariatur officia. Expedita in aut maiores id.', 'https://via.placeholder.com/640x480.png/00ffee?text=quis', '2024-06-11 03:37:33'),
(15, '2024-03-15 01:18:21', 'Sed natus ea nesciunt. Minima voluptates quisquam autem. Ratione voluptates fugiat deserunt voluptate et excepturi aut officiis.', 'https://via.placeholder.com/640x480.png/002222?text=dolor', '2024-04-04 00:56:17'),
(15, '2024-03-15 14:40:27', 'Rerum eos doloremque quia minus vel. Quidem sit aperiam sed quos ab. Culpa quis fugiat excepturi sit ullam deserunt.', 'https://via.placeholder.com/640x480.png/00ff99?text=aliquid', '2024-06-24 06:26:49'),
(15, '2024-04-05 23:28:51', 'Blanditiis illum nihil labore voluptas. Placeat voluptates officia sit eum nam minima et. Veniam ut repellat occaecati quis quos laboriosam sint aspernatur. Id dolores repellat et dolores corrupti quas nobis eaque. Neque exercitationem id beatae quia alias voluptatem.', 'https://via.placeholder.com/640x480.png/0077bb?text=nostrum', '2024-08-08 01:28:54'),
(15, '2024-04-17 07:36:14', 'Optio voluptate molestias dolore ea. Dolore quasi porro quis eum consectetur mollitia. Et voluptates asperiores aut quidem quidem temporibus.', 'https://via.placeholder.com/640x480.png/00ee44?text=enim', '2024-01-26 06:58:21'),
(15, '2024-04-29 05:16:56', 'Tenetur id quisquam atque quia in quibusdam nam aperiam. Natus dolores voluptas eveniet aut ut. Aut temporibus quia accusamus natus. Laboriosam distinctio consectetur vero et nesciunt blanditiis.', 'https://via.placeholder.com/640x480.png/00ccbb?text=quos', '2024-08-19 04:55:28'),
(15, '2024-05-18 20:29:22', 'Odit qui architecto repellendus. Dolor et sed in consequatur labore et. Aut ipsum fuga neque quibusdam aliquam mollitia.', 'https://via.placeholder.com/640x480.png/00dd88?text=nam', '2024-03-28 04:17:45'),
(15, '2024-06-02 15:22:02', 'Voluptas quia consequuntur quam expedita facere. Sit nihil et blanditiis odit. Ipsa vitae eligendi et. Sed beatae tempora maiores alias error ut.', 'https://via.placeholder.com/640x480.png/00cc77?text=quaerat', '2024-04-20 22:43:09'),
(15, '2024-06-05 12:00:01', 'Accusantium ex ea quasi quae et ducimus sint. Officia similique asperiores iusto est et. Voluptatem optio non et ipsam eum quibusdam sed deleniti. Necessitatibus eos possimus ea illum impedit.', 'https://via.placeholder.com/640x480.png/0000aa?text=et', '2024-04-09 13:36:23'),
(15, '2024-06-08 21:46:31', 'Molestias aut laudantium laudantium est omnis totam. Porro atque consequatur error facere et eius dolorem. Impedit incidunt enim non omnis saepe sapiente enim. Repellat voluptas quibusdam eveniet qui quia ratione ut provident. Quis distinctio molestias sunt quo officia.', 'https://via.placeholder.com/640x480.png/00eecc?text=ipsam', '2024-01-11 19:42:00'),
(15, '2024-06-11 15:39:49', 'Iusto illum sint quae et a. Nihil nostrum optio et rerum cumque. Magnam dolor asperiores ea commodi. Libero et non rerum aut est.', 'https://via.placeholder.com/640x480.png/00ee77?text=natus', '2024-07-03 10:22:19'),
(15, '2024-06-18 02:10:13', 'Veniam eaque aliquid odio quia doloribus. Dolor nemo repellendus quia est et. Itaque qui eum corporis voluptatem animi.', 'https://via.placeholder.com/640x480.png/004422?text=vel', '2024-08-04 02:24:48'),
(15, '2024-07-21 15:14:03', 'Et est quam fugit officiis et iusto dolorum. Unde architecto et mollitia rerum sed id. Quam consequatur a voluptas quos aut.', 'https://via.placeholder.com/640x480.png/00ccff?text=sunt', '2024-02-08 14:04:15'),
(16, '2024-01-13 11:50:29', 'Pariatur dolor vitae et accusantium ut ipsam. Dignissimos vero qui est quis. Quis consequatur repellat voluptatem ipsa perspiciatis nostrum. Vel incidunt sed aut consequuntur dolorem.', 'https://via.placeholder.com/640x480.png/003377?text=optio', '2024-06-05 12:57:09'),
(16, '2024-02-24 05:19:59', 'Inventore fugiat et voluptatem corporis et. Quis velit veritatis illum.', 'https://via.placeholder.com/640x480.png/00ff22?text=dolorum', '2024-04-24 04:28:29'),
(16, '2024-03-22 07:58:51', 'Facere atque et possimus dolores deserunt ea porro. Suscipit sequi aperiam ab quisquam et mollitia voluptate. Repudiandae qui placeat rem similique quae eum. Beatae reiciendis consequatur a porro molestias.', 'https://via.placeholder.com/640x480.png/006699?text=at', '2024-03-16 18:42:53'),
(16, '2024-03-25 14:09:07', 'Modi repellendus recusandae et in. Non fugiat facere doloribus ipsam explicabo. Veritatis harum voluptates dolorem quis.', 'https://via.placeholder.com/640x480.png/00ff22?text=at', '2024-07-02 00:45:31'),
(16, '2024-03-27 10:30:45', 'Quae delectus non voluptate ea doloribus facere eos. Vero quis odit excepturi. Excepturi porro illum molestiae earum nemo totam minus ab.', 'https://via.placeholder.com/640x480.png/005577?text=ut', '2024-09-02 15:28:20'),
(16, '2024-03-28 23:57:35', 'Non aperiam voluptate dolor laboriosam doloremque. Asperiores cumque autem quaerat dolore enim. Dolores praesentium sint reprehenderit fugiat. Qui illo sed qui nihil.', 'https://via.placeholder.com/640x480.png/0000ee?text=iure', '2024-05-09 05:51:42'),
(16, '2024-03-31 00:28:29', 'Nesciunt sit labore officiis eos consequatur. Cupiditate et praesentium animi. Facilis accusamus neque inventore doloremque sed dolorem corporis.', 'https://via.placeholder.com/640x480.png/003300?text=alias', '2024-01-02 08:44:10'),
(16, '2024-04-11 21:51:02', 'Ex odio dolorem quia. Et suscipit alias cupiditate vel et et similique. Incidunt cupiditate autem ab qui beatae. Totam laudantium laboriosam quaerat qui quasi eveniet. Eligendi est facere nisi assumenda quaerat.', 'https://via.placeholder.com/640x480.png/003333?text=saepe', '2024-06-02 14:14:58'),
(16, '2024-04-20 21:24:16', 'Incidunt dolor et ipsum. Pariatur velit iure aliquam numquam. In quia officiis voluptas voluptatem.', 'https://via.placeholder.com/640x480.png/004466?text=nobis', '2024-07-03 19:12:14'),
(16, '2024-04-24 13:07:17', 'Saepe temporibus facilis delectus voluptatum. Voluptatem quaerat atque molestiae voluptate corrupti suscipit dignissimos maiores. Qui nihil magnam quis dolores.', 'https://via.placeholder.com/640x480.png/001155?text=rerum', '2024-05-17 00:20:36'),
(16, '2024-05-01 02:40:49', 'Eligendi itaque magni iure rerum ut fuga excepturi. Tempora aut aut quasi ad est quidem.', 'https://via.placeholder.com/640x480.png/00aa11?text=ratione', '2024-05-04 07:40:12'),
(16, '2024-05-01 04:34:48', 'Officiis veniam quae quia eaque. Voluptatem architecto architecto earum aut quas et eligendi et. Et sed temporibus sed dolor. Molestiae quia quia qui voluptate corrupti omnis in. Excepturi laudantium voluptatem eum quis.', 'https://via.placeholder.com/640x480.png/004411?text=et', '2024-06-17 18:05:53'),
(16, '2024-05-09 09:11:49', 'Blanditiis mollitia officiis hic dolorem aliquid aut et et. Vel omnis iure labore repellendus. Nihil deserunt aut est eos. Sed dolore fugiat et eligendi eos accusamus tempora.', 'https://via.placeholder.com/640x480.png/000033?text=quidem', '2024-01-30 04:44:49'),
(16, '2024-06-13 19:32:31', 'Ratione omnis quae quam blanditiis pariatur qui. Id autem est quos voluptas quaerat. Earum aspernatur quis temporibus aut est omnis aut.', 'https://via.placeholder.com/640x480.png/0044ee?text=sit', '2024-05-18 05:22:27'),
(16, '2024-06-25 09:29:39', 'Perspiciatis adipisci dolores quaerat magnam culpa necessitatibus provident. Illum eveniet id ut qui sed dolore minima modi. Saepe repellendus atque quam nesciunt ut. Porro atque sed sint voluptatum odit.', 'https://via.placeholder.com/640x480.png/00dddd?text=velit', '2024-04-14 06:44:30'),
(16, '2024-07-19 01:38:45', 'Nulla perspiciatis delectus doloremque placeat. Et et sint qui labore odit architecto deleniti. Est quisquam et quo adipisci saepe.', 'https://via.placeholder.com/640x480.png/00bb44?text=et', '2024-02-21 23:52:49'),
(16, '2024-07-20 11:06:37', 'Quam aut exercitationem quae dicta qui corrupti. Quis eum odit aliquid. Et cum id magni veniam itaque quia totam.', 'https://via.placeholder.com/640x480.png/00ffaa?text=et', '2024-07-06 12:31:49'),
(16, '2024-08-01 11:07:18', 'Itaque molestias odio ut atque ea voluptatem sint aliquam. Quam vel et accusantium in officia. Dignissimos aut autem quia iusto quo quidem ea. Dolorum et impedit accusamus aut eligendi dolores porro porro.', 'https://via.placeholder.com/640x480.png/0055bb?text=ipsa', '2024-05-14 10:49:34'),
(16, '2024-08-15 12:41:39', 'Aliquam incidunt amet minima facere dolorum. Ut tenetur voluptas incidunt. Corporis nihil eos laudantium et. Architecto omnis quis quo qui aut.', 'https://via.placeholder.com/640x480.png/00bb11?text=quis', '2024-06-03 10:47:19'),
(16, '2024-08-17 16:20:02', 'Aut aut corporis ab itaque labore. Vel cupiditate sed ducimus consequatur. Reiciendis dolorum praesentium dolorum illum dolor aut non pariatur.', 'https://via.placeholder.com/640x480.png/006633?text=excepturi', '2024-08-22 07:51:08'),
(17, '2024-01-08 21:13:12', 'Ut sunt odit illum quo. Fugiat nesciunt eos sunt perspiciatis alias. Ut in atque dolores iste nobis cumque et quidem.', 'https://via.placeholder.com/640x480.png/00dd88?text=aut', '2024-06-13 02:30:36'),
(17, '2024-01-25 16:54:41', 'Illo omnis quae rerum sed sequi asperiores laudantium inventore. Qui ut dicta non et id enim aut. Possimus veniam earum optio vel. Provident commodi at dolore totam qui deserunt et.', 'https://via.placeholder.com/640x480.png/001133?text=expedita', '2024-02-17 11:49:14'),
(17, '2024-01-29 03:51:49', 'Minima aut et incidunt voluptatem. Sed ut cumque quis voluptas aperiam aut. Aut id libero placeat accusantium ex consequuntur tempora.', 'https://via.placeholder.com/640x480.png/00ffbb?text=ut', '2024-08-04 11:06:45'),
(17, '2024-02-09 14:41:37', 'Natus non dolores porro nihil dolorem. Nam esse sit vel. Animi accusamus rem labore eum. Est quasi consequatur voluptatem fugiat qui.', 'https://via.placeholder.com/640x480.png/00dd66?text=autem', '2024-06-06 08:56:55'),
(17, '2024-02-09 18:06:06', 'Non sunt adipisci optio et molestiae aliquid. Quos cum optio exercitationem ut natus consequatur nam. Sit vitae qui corporis consequuntur eaque. Molestiae beatae quaerat amet itaque velit. Ut iste nemo non dolor quia cum.', 'https://via.placeholder.com/640x480.png/00aa44?text=et', '2024-03-24 08:22:19'),
(17, '2024-02-26 09:15:38', 'Labore nostrum sapiente voluptatum quisquam. Earum voluptatem sit maxime repudiandae qui. Quos et veniam commodi molestias debitis.', 'https://via.placeholder.com/640x480.png/007799?text=maiores', '2024-08-04 23:08:58'),
(17, '2024-02-29 00:34:46', 'Possimus ut minima id est voluptatem vero. Modi est quis quae aliquam quisquam inventore. Id officiis sint qui ipsum et unde. Et qui suscipit sit quis.', 'https://via.placeholder.com/640x480.png/0033aa?text=quasi', '2024-08-03 15:54:08'),
(17, '2024-03-05 10:52:25', 'Consequatur voluptate debitis minima qui nulla numquam. Vitae doloremque quo odio sit sapiente non mollitia. Deleniti aliquid aut laborum et. Necessitatibus adipisci est reprehenderit.', 'https://via.placeholder.com/640x480.png/00aacc?text=sit', '2024-04-14 16:41:01'),
(17, '2024-03-23 23:56:01', 'Voluptas aut assumenda et. Ea aut expedita qui fuga quia molestias aliquid fugit. Provident non numquam qui rerum. Reprehenderit debitis magnam nesciunt eum neque.', 'https://via.placeholder.com/640x480.png/00eeee?text=accusantium', '2024-01-25 17:52:43'),
(17, '2024-03-31 05:05:40', 'Magnam vel quae dolores nemo officia error ipsum. Sapiente perferendis sunt quas quod blanditiis.', 'https://via.placeholder.com/640x480.png/00aa44?text=velit', '2024-06-13 02:31:19'),
(17, '2024-04-21 23:14:04', 'Consequatur facere veritatis corporis quas exercitationem alias eum. Vitae aut qui hic voluptate voluptatem. Vel eaque qui rem dolorem. Quae odio aut labore ut aut ut voluptatem. Veniam ut blanditiis ut perspiciatis.', 'https://via.placeholder.com/640x480.png/0044cc?text=omnis', '2024-07-12 06:52:59'),
(17, '2024-05-16 08:59:33', 'Quos cupiditate aliquid accusantium et pariatur voluptas eum suscipit. Aut optio omnis praesentium. Ducimus quidem consequatur vero exercitationem omnis. Sint aut quaerat rerum in possimus.', 'https://via.placeholder.com/640x480.png/0088ff?text=consequuntur', '2024-07-05 20:33:00'),
(17, '2024-05-16 21:22:32', 'Suscipit aliquid dolorem nostrum voluptatum consequatur deleniti. Tempore et nihil aut accusantium eos ullam eveniet. Atque sequi ut et inventore dicta ipsum.', 'https://via.placeholder.com/640x480.png/002255?text=voluptas', '2024-06-23 12:29:18'),
(17, '2024-05-22 23:30:03', 'Quidem quo nemo eum quam minima vitae temporibus. Minus corporis aut ut est sapiente velit modi. Repellendus commodi id mollitia officiis vel possimus qui. Voluptatem quae aliquam ut et.', 'https://via.placeholder.com/640x480.png/00ffcc?text=consequuntur', '2024-04-07 23:13:20'),
(17, '2024-05-28 16:03:37', 'Necessitatibus suscipit harum voluptatem est explicabo repellendus. Placeat magnam quos officiis est. Nisi commodi dolorem ut adipisci distinctio. Ipsum hic eaque iusto eos.', 'https://via.placeholder.com/640x480.png/007744?text=ea', '2024-06-11 00:23:01'),
(17, '2024-06-08 19:08:45', 'Autem nemo consequatur quis deserunt maxime perspiciatis. Qui molestiae quia eius est sequi.', 'https://via.placeholder.com/640x480.png/0044dd?text=repellendus', '2024-08-21 23:53:40'),
(17, '2024-07-20 11:03:33', 'Quae excepturi est placeat repellendus eaque nam. Voluptatem quisquam aut dolores quidem voluptatem alias. Molestias minus qui consequatur eveniet aut et consequatur. Voluptatem nihil sed ratione consequuntur.', 'https://via.placeholder.com/640x480.png/006622?text=perspiciatis', '2024-03-19 19:59:41'),
(17, '2024-07-20 22:18:14', 'Repellendus quia itaque totam veniam nulla consequatur ut. Distinctio laudantium ratione reiciendis rem praesentium officiis. Aut minus debitis quae quam voluptas atque nisi.', 'https://via.placeholder.com/640x480.png/0000ee?text=placeat', '2024-01-14 21:18:14'),
(17, '2024-07-29 00:51:19', 'Commodi cumque ad molestias ea. Ad vel harum qui sint. Hic voluptatem ipsa consequatur esse eum. Atque sit non voluptatem occaecati architecto.', 'https://via.placeholder.com/640x480.png/0066ff?text=ipsum', '2024-07-11 20:14:44'),
(17, '2024-09-04 01:26:28', 'Debitis iure ex tempore. Harum accusamus nihil perspiciatis occaecati commodi aliquid blanditiis rerum. Nemo nesciunt corrupti sunt. Sunt vel vel assumenda incidunt. Doloremque est aut quis dolore.', 'https://via.placeholder.com/640x480.png/004433?text=aliquid', '2024-04-20 08:14:20'),
(18, '2024-01-01 03:29:48', 'Accusamus dolorem pariatur atque cumque. Similique rerum labore voluptatem eum voluptate est. Dolorem et non ut voluptates qui fugiat. Est fugiat voluptatibus accusantium iure nisi quisquam at nam.', 'https://via.placeholder.com/640x480.png/0088cc?text=architecto', '2024-03-17 16:16:02'),
(18, '2024-01-01 08:09:30', 'Omnis quis consequatur aut ratione molestias fugiat. Fugit totam dolores et ut accusamus quidem pariatur nisi. Deleniti facere repellat quis similique dolor.', 'https://via.placeholder.com/640x480.png/000077?text=provident', '2024-03-27 15:32:41'),
(18, '2024-01-13 16:51:09', 'Vel dolorem eos architecto aut ea molestiae asperiores. Reiciendis ipsam est distinctio maiores perferendis asperiores animi. Est repudiandae maxime velit ad. Quam tempore magni tenetur quidem sed dolores.', 'https://via.placeholder.com/640x480.png/00ff66?text=atque', '2024-03-26 16:17:19'),
(18, '2024-01-17 23:49:56', 'Ad dolor dolor eligendi est fugit. Veniam ab totam in exercitationem. Ex soluta ipsum hic quia. Tempora nemo molestiae fuga soluta nam numquam. Eum totam soluta quisquam et.', 'https://via.placeholder.com/640x480.png/00bbcc?text=quia', '2024-06-04 02:36:51'),
(18, '2024-01-23 10:23:50', 'Mollitia perferendis quas in quam sint. Dolorum debitis sit omnis quidem. Ea harum asperiores animi sint quaerat quo eaque. Unde ipsa unde magni occaecati.', 'https://via.placeholder.com/640x480.png/00bb11?text=ut', '2024-03-17 11:38:27'),
(18, '2024-02-29 10:13:26', 'Non eligendi expedita enim placeat aperiam quae. In nulla ut voluptatem nihil molestias. Consectetur possimus quis quo omnis enim.', 'https://via.placeholder.com/640x480.png/0055ff?text=unde', '2024-02-23 19:45:20'),
(18, '2024-03-15 15:20:13', 'Enim est voluptatum labore magni eveniet sint distinctio. Sed enim totam commodi autem. Corporis repellendus nostrum laborum. Recusandae ipsam non fuga dolorem impedit officiis saepe.', 'https://via.placeholder.com/640x480.png/00ff77?text=expedita', '2024-04-14 18:55:19'),
(18, '2024-03-22 06:23:59', 'Blanditiis qui voluptatem eveniet consectetur culpa odio quo commodi. Eos esse commodi quia fuga quia.', 'https://via.placeholder.com/640x480.png/00dd11?text=consequatur', '2024-01-02 16:47:35'),
(18, '2024-03-27 17:56:57', 'Possimus aliquid ducimus quo rem. In quo temporibus delectus odit velit. Ea ut magni ipsum quaerat placeat. Sapiente quod cupiditate cum ipsa ducimus ut iste.', 'https://via.placeholder.com/640x480.png/00eedd?text=sequi', '2024-01-14 15:07:05'),
(18, '2024-03-28 18:58:53', 'Officiis id animi animi molestiae. Accusantium reprehenderit et qui optio ullam. Non maiores cupiditate in nulla exercitationem reprehenderit reprehenderit. Ab officiis omnis et quae velit et.', 'https://via.placeholder.com/640x480.png/004455?text=quia', '2024-03-17 11:23:41'),
(18, '2024-04-19 06:47:02', 'Sapiente necessitatibus praesentium aut. Expedita dolor voluptatem magnam rem nostrum commodi magni. Nulla totam possimus porro voluptas iusto dignissimos dolorem. Autem eum repellendus sed ipsa voluptate incidunt.', 'https://via.placeholder.com/640x480.png/006622?text=et', '2024-08-20 16:10:16'),
(18, '2024-04-21 07:31:24', 'Explicabo maxime veniam similique commodi. Enim cupiditate consequatur doloribus rerum inventore aut excepturi. Vero impedit natus aut et provident doloribus.', 'https://via.placeholder.com/640x480.png/004488?text=tempore', '2024-05-19 02:46:16'),
(18, '2024-04-24 16:05:05', 'Et voluptatibus aliquam tempora. Est minus quasi quia rerum eum blanditiis vel. Quidem nostrum ab eos omnis fugit.', 'https://via.placeholder.com/640x480.png/00bb99?text=quisquam', '2024-05-17 11:23:51'),
(18, '2024-05-02 02:49:55', 'Quidem voluptatibus dolorem natus et. Dolore quae impedit voluptas ut voluptates consequuntur quam ut. Et nulla qui consectetur vel sunt id id. Beatae perspiciatis eos enim et soluta necessitatibus odio.', 'https://via.placeholder.com/640x480.png/004422?text=totam', '2024-02-06 12:59:58'),
(18, '2024-05-29 20:42:36', 'Quos officiis eveniet in et numquam. Inventore quam est autem dolores eum eligendi magni. Ut qui at dolorem aperiam. Repellendus nihil aut iste et eaque aliquam fuga error. Vero deleniti hic beatae qui.', 'https://via.placeholder.com/640x480.png/0077bb?text=ullam', '2024-08-09 06:52:23'),
(18, '2024-06-01 03:51:53', 'Et id eum vero voluptas qui eaque. Qui consequuntur molestiae aut. Rerum quo quia laudantium.', 'https://via.placeholder.com/640x480.png/00dd55?text=qui', '2024-07-22 21:55:54'),
(18, '2024-06-15 15:51:59', 'Vel qui ad repellendus ipsam. Non a aliquid suscipit aspernatur est dolorem perferendis illum. Nemo qui maxime eos rem magnam ut. Deserunt numquam quibusdam suscipit omnis consequuntur dolorum molestiae. Autem et nihil quidem non mollitia veritatis ipsum natus.', 'https://via.placeholder.com/640x480.png/0055ff?text=animi', '2024-04-03 19:46:53'),
(18, '2024-08-14 00:18:56', 'Aut qui exercitationem inventore. Repellendus laborum aut eligendi illum quas. Ut consequuntur officia est. Omnis molestiae dolores necessitatibus.', 'https://via.placeholder.com/640x480.png/00ddee?text=laboriosam', '2024-05-22 17:31:19'),
(18, '2024-08-21 07:16:20', 'At nobis maiores asperiores laboriosam doloribus unde. Reiciendis error recusandae earum unde natus. Quod fuga eum iusto saepe officia laborum. Consequuntur ut odio quos enim a.', 'https://via.placeholder.com/640x480.png/006611?text=saepe', '2024-08-18 16:47:26'),
(18, '2024-08-22 08:57:52', 'Ipsam tempora cumque tempore molestiae eos nam. Doloribus voluptate est aut nemo.', 'https://via.placeholder.com/640x480.png/00cc11?text=odio', '2024-04-19 09:48:37'),
(19, '2024-01-05 06:03:53', 'Voluptatem laboriosam sit dolor. Sed eveniet quod est et at ex nulla. Doloremque repudiandae recusandae modi laboriosam id.', 'https://via.placeholder.com/640x480.png/0099dd?text=ad', '2024-06-27 14:00:11'),
(19, '2024-02-11 08:48:30', 'Non vel aliquam totam iure. Aut quasi cupiditate incidunt rerum. Culpa voluptatibus numquam amet voluptas voluptas soluta. Eligendi quam aut sint mollitia quia aut.', 'https://via.placeholder.com/640x480.png/007799?text=in', '2024-06-06 10:33:29'),
(19, '2024-02-14 15:04:24', 'Natus facilis architecto voluptas illum repudiandae occaecati distinctio non. Maiores et aut ut ullam nihil. Hic deserunt qui voluptatum cumque voluptatem.', 'https://via.placeholder.com/640x480.png/00bb00?text=excepturi', '2024-07-28 07:20:11'),
(19, '2024-02-16 17:15:46', 'Qui pariatur quos autem tenetur qui. Accusamus velit aut nisi voluptate nobis. Dignissimos molestiae eligendi fugiat magni quas est dignissimos eius.', 'https://via.placeholder.com/640x480.png/000044?text=deserunt', '2024-05-20 19:54:42'),
(19, '2024-02-28 08:02:39', 'Sit reiciendis autem nesciunt. Nihil similique vitae ullam libero doloribus magni. Sit unde est sed sint deleniti blanditiis blanditiis. Culpa iste unde alias repudiandae quis quam omnis. Laboriosam voluptates architecto dignissimos fugiat.', 'https://via.placeholder.com/640x480.png/00ffbb?text=voluptatem', '2024-01-09 04:52:07'),
(19, '2024-03-20 09:59:44', 'Ut facere id neque et corporis vel. Blanditiis iusto dolorum facilis autem consequatur amet adipisci voluptatem. Sit veritatis aut quas odit natus voluptatem.', 'https://via.placeholder.com/640x480.png/0077bb?text=repellendus', '2024-04-18 06:53:52');
INSERT INTO `daily_reports` (`user_id`, `created_at`, `content_text`, `content_photo`, `last_updated_at`) VALUES
(19, '2024-03-23 18:55:53', 'Repellendus sint est similique incidunt. Omnis ut et id est. Qui aut nihil illo iste ea consequuntur qui quia.', 'https://via.placeholder.com/640x480.png/00eeaa?text=sint', '2024-01-11 00:56:25'),
(19, '2024-03-25 01:34:03', 'Natus iure adipisci culpa dolorum. Ut nihil eveniet velit quia et quos est deleniti. Necessitatibus incidunt at et ratione a explicabo quae. Eum iste autem sint non. Odio impedit labore dolor non veniam aut.', 'https://via.placeholder.com/640x480.png/007777?text=modi', '2024-01-31 04:00:57'),
(19, '2024-04-28 06:34:59', 'Est quia totam facere. Ea aut nemo ipsum dolor voluptas pariatur aliquid quia. Corporis non doloremque aliquid molestiae harum sunt eius. Et quisquam ea hic accusantium sapiente.', 'https://via.placeholder.com/640x480.png/00eeee?text=ad', '2024-07-03 07:12:52'),
(19, '2024-05-30 07:56:41', 'Enim omnis deleniti delectus consequatur nemo ipsa. Non ipsam ut nisi eos ullam ea. Maxime eos rem unde esse. Laboriosam debitis ea corporis ipsam architecto soluta.', 'https://via.placeholder.com/640x480.png/009900?text=similique', '2024-03-08 23:28:48'),
(19, '2024-06-26 06:07:04', 'Placeat eveniet ratione unde. Id enim maxime quisquam mollitia. Quas exercitationem ipsa voluptate veniam nulla nihil. Libero saepe autem a iure labore quia.', 'https://via.placeholder.com/640x480.png/00aacc?text=eos', '2024-07-03 18:19:48'),
(19, '2024-07-09 10:25:52', 'Et ipsum quis quos quo quis corrupti pariatur. Qui temporibus aut totam facere quia quaerat. Consequatur enim odio non inventore ipsa molestiae.', 'https://via.placeholder.com/640x480.png/0011bb?text=incidunt', '2024-07-21 01:22:28'),
(19, '2024-07-20 09:39:17', 'Nobis aut nemo vero. Eos esse est expedita vitae quidem quis. Tempore officia enim commodi dolores et. Quaerat et quo et adipisci.', 'https://via.placeholder.com/640x480.png/009911?text=aut', '2024-08-12 05:37:41'),
(19, '2024-07-27 05:23:11', 'Ut eaque et quod magnam ipsum dolor molestiae sint. Ut officiis eaque id cumque. Dolorum veniam eos quo qui.', 'https://via.placeholder.com/640x480.png/00aacc?text=dolor', '2024-08-29 11:56:37'),
(19, '2024-08-11 12:05:10', 'Quas incidunt mollitia nulla voluptates inventore quam quod. Voluptates laboriosam nesciunt nulla delectus asperiores. Et quisquam dolor et enim odit qui cumque. Consequatur et porro quis assumenda.', 'https://via.placeholder.com/640x480.png/00cc33?text=praesentium', '2024-02-18 02:26:54'),
(19, '2024-08-13 10:52:52', 'Sit libero dolores sit omnis beatae mollitia alias. Molestiae fugit odit autem repudiandae accusamus officiis dignissimos ad. Non soluta aut omnis ut.', 'https://via.placeholder.com/640x480.png/006688?text=fugiat', '2024-03-27 10:29:17'),
(19, '2024-08-21 17:33:12', 'Nesciunt neque beatae reprehenderit molestiae amet repellendus magnam. Animi est officiis est. Ratione alias nemo rerum et non repellat voluptas aliquam. Facilis rerum eius vel unde aliquam commodi.', 'https://via.placeholder.com/640x480.png/0000ee?text=sapiente', '2024-04-15 20:02:45'),
(19, '2024-08-25 10:00:48', 'Aspernatur harum nesciunt voluptates quo saepe minus. Quod libero dignissimos omnis ea voluptas totam nisi excepturi. Distinctio cumque incidunt hic. Laudantium minus impedit ab in quaerat ut non.', 'https://via.placeholder.com/640x480.png/008811?text=autem', '2024-05-15 03:09:49'),
(19, '2024-08-31 22:54:44', 'Exercitationem iste officiis omnis a rerum veritatis. Voluptatem sint molestiae vel possimus aliquid accusantium vitae. Qui quis harum aperiam quam qui aspernatur minima. Consectetur tempora ullam dolorem vel est et consequuntur. Quis molestias labore non aliquid.', 'https://via.placeholder.com/640x480.png/007700?text=laborum', '2024-03-31 02:17:50'),
(19, '2024-09-02 03:56:24', 'Qui illum ut voluptates dolorem. Fuga perspiciatis non ex porro commodi exercitationem aut quod. Qui id et ratione neque qui id quibusdam est.', 'https://via.placeholder.com/640x480.png/009977?text=est', '2024-04-04 18:59:38'),
(20, '2024-01-11 04:27:53', 'Nisi voluptatem non illum ea accusantium ut aut cum. Unde odio et adipisci temporibus laudantium eaque est eaque. Cum esse et possimus velit temporibus repudiandae non. Repellat quas illum omnis ipsa magnam aut officiis.', 'https://via.placeholder.com/640x480.png/003388?text=dolore', '2024-07-16 15:12:35'),
(20, '2024-02-03 04:44:53', 'Sed consequatur repellat corrupti. Qui ut voluptatem autem quos delectus dicta. Minus hic dicta earum ab quis aut perspiciatis inventore. Nam consequatur voluptates voluptatem commodi.', 'https://via.placeholder.com/640x480.png/00ee11?text=in', '2024-03-18 18:32:37'),
(20, '2024-02-10 14:14:51', 'Quo soluta voluptatem eveniet sunt amet sed. Provident eligendi magni aut. In non laudantium nobis id est at ratione. Animi a ut sequi libero quibusdam et neque necessitatibus.', 'https://via.placeholder.com/640x480.png/0077bb?text=alias', '2024-05-17 12:23:32'),
(20, '2024-03-03 12:14:25', 'Omnis illo fugiat rerum cumque asperiores. Ab vero rerum aspernatur accusamus sed. Exercitationem quae sapiente qui aspernatur perspiciatis quia. Laboriosam aut ut culpa ea.', 'https://via.placeholder.com/640x480.png/00bb33?text=sunt', '2024-04-08 06:45:37'),
(20, '2024-03-26 12:10:04', 'Alias asperiores nulla quo beatae beatae esse optio. Temporibus quaerat est illum odio. Cum qui nemo et quis enim saepe possimus vel.', 'https://via.placeholder.com/640x480.png/004400?text=aut', '2024-03-24 05:19:17'),
(20, '2024-03-29 17:02:32', 'Inventore beatae voluptatum animi qui amet alias aperiam. Ut necessitatibus aut quasi dolorem aut est. Ullam sit ad cupiditate maxime explicabo.', 'https://via.placeholder.com/640x480.png/00aaaa?text=vel', '2024-08-31 20:57:40'),
(20, '2024-04-13 11:12:51', 'Unde est eos non nulla. Voluptas sed et quia inventore velit omnis temporibus. Accusantium voluptas placeat placeat esse recusandae id consequuntur. Distinctio qui unde fugiat et ut. Amet facilis et ducimus quo dolorum consectetur.', 'https://via.placeholder.com/640x480.png/0099dd?text=sit', '2024-06-07 07:44:14'),
(20, '2024-04-21 05:38:18', 'Saepe qui aliquid enim. Impedit rerum repellendus ipsum excepturi exercitationem. Ea tenetur modi consequatur et.', 'https://via.placeholder.com/640x480.png/0011aa?text=ut', '2024-04-10 00:59:23'),
(20, '2024-05-04 13:26:05', 'Qui quisquam voluptatem culpa et sed. Officia rerum dicta provident vitae. Non corrupti et totam velit id provident rerum. Veniam commodi et omnis provident laudantium. Porro neque quisquam illo et.', 'https://via.placeholder.com/640x480.png/005533?text=sint', '2024-05-28 05:31:26'),
(20, '2024-05-10 06:21:00', 'Aliquid consequuntur magni alias optio excepturi consectetur dolor. Nulla et aliquam dolor odio autem sint. Eos quia veniam quia tempora.', 'https://via.placeholder.com/640x480.png/00ff66?text=accusamus', '2024-04-15 17:24:41'),
(20, '2024-05-13 04:40:35', 'Aperiam quo voluptate omnis nam adipisci. Minima quia debitis aut odio. Tempora rerum et at illum. Voluptate aut doloremque non fuga ea quo delectus.', 'https://via.placeholder.com/640x480.png/00eeaa?text=commodi', '2024-03-09 22:24:48'),
(20, '2024-05-20 05:29:47', 'Dicta asperiores voluptatem nihil perferendis incidunt nam. Rerum voluptatem labore quasi. Dolores cum laborum voluptatibus sunt aliquam et.', 'https://via.placeholder.com/640x480.png/008800?text=recusandae', '2024-01-18 07:57:14'),
(20, '2024-05-26 23:03:40', 'Aut explicabo quis aliquid sed iure. Aut autem magni eos fuga quo qui earum. Error similique accusamus rem eum illo. Consequatur est minima soluta quia non quia.', 'https://via.placeholder.com/640x480.png/00bbcc?text=animi', '2024-06-06 09:02:39'),
(20, '2024-06-04 04:39:09', 'Alias aut voluptatibus eum repudiandae alias ut in. Autem quibusdam voluptatem laudantium et est dolor deleniti voluptate. Culpa quae porro ut doloribus.', 'https://via.placeholder.com/640x480.png/004466?text=ea', '2024-02-27 05:27:43'),
(20, '2024-06-11 10:52:57', 'Rem quo nam nisi. Aliquid repellendus vero animi optio quo aliquid corporis. Id non delectus qui. A libero rerum repudiandae repellat dolorem fugit distinctio.', 'https://via.placeholder.com/640x480.png/004466?text=non', '2024-06-20 12:10:24'),
(20, '2024-07-07 10:34:59', 'Dolorem repellendus voluptatem veritatis eum aperiam. Animi dolorum nihil non sunt aspernatur. Doloribus sed culpa sit nostrum aspernatur ullam ad. Praesentium dolor voluptatem velit animi placeat.', 'https://via.placeholder.com/640x480.png/0066aa?text=dolorem', '2024-02-05 10:19:38'),
(20, '2024-07-19 03:29:41', 'Voluptas quia consequatur ut delectus sapiente optio nam. Adipisci aut tempore nihil doloremque. Molestiae laboriosam nihil delectus.', 'https://via.placeholder.com/640x480.png/008866?text=cumque', '2024-02-15 09:06:57'),
(20, '2024-07-31 20:57:15', 'Possimus temporibus nisi optio adipisci distinctio magni repudiandae. Atque aut fuga esse blanditiis eveniet. Earum aperiam reiciendis alias. Id sit odio quo sed.', 'https://via.placeholder.com/640x480.png/000055?text=sequi', '2024-09-04 04:10:25'),
(20, '2024-08-13 14:47:28', 'Aut quos aut alias earum quis et repudiandae. Autem ea inventore delectus officia. Aut omnis iste exercitationem vel ut suscipit. Quis deleniti ratione adipisci odit architecto.', 'https://via.placeholder.com/640x480.png/00cc88?text=in', '2024-02-18 22:00:28'),
(20, '2024-08-13 20:21:48', 'Est sunt corrupti in labore perferendis asperiores. Pariatur ut id laborum velit maxime accusamus. Temporibus quae odio quam quia voluptas doloremque laudantium nobis. Minus ut perspiciatis ut necessitatibus libero et nesciunt. Doloribus sit deserunt omnis minima sint dolore necessitatibus.', 'https://via.placeholder.com/640x480.png/001188?text=minus', '2024-02-26 19:06:51'),
(21, '2024-01-07 18:23:54', 'Sed esse et est aspernatur nisi et aliquam. Animi non consequatur autem omnis rerum quae cupiditate.', 'https://via.placeholder.com/640x480.png/008811?text=sequi', '2024-01-11 19:22:02'),
(21, '2024-01-12 17:17:11', 'Aut ex non et minima odio vitae non. Pariatur porro neque in consequuntur quos placeat. Et dolorem explicabo iste dolorem molestiae dolores similique.', 'https://via.placeholder.com/640x480.png/0066ee?text=occaecati', '2024-07-01 02:00:40'),
(21, '2024-02-02 13:47:03', 'Sed aperiam dolor repudiandae. Eaque quibusdam non aperiam accusantium nihil deserunt sint. Voluptatibus nihil ea ea atque.', 'https://via.placeholder.com/640x480.png/00aa99?text=ea', '2024-07-01 17:19:14'),
(21, '2024-02-02 22:34:32', 'Perspiciatis consectetur facilis voluptatibus doloribus iste. Alias aliquid qui autem perspiciatis magni ut. Molestiae assumenda hic suscipit dolorem. Quos totam sint quo sint dolorem saepe magni. Dolores excepturi dolor dolorem ut est.', 'https://via.placeholder.com/640x480.png/0044bb?text=placeat', '2024-01-29 22:53:40'),
(21, '2024-02-09 10:08:34', 'Voluptatum non quia eos voluptatem earum omnis repellendus. Suscipit at modi odio illum iusto cupiditate. Sint placeat alias veniam consequuntur autem id beatae rerum. Rerum mollitia eum ut perferendis ipsum quisquam quas.', 'https://via.placeholder.com/640x480.png/00cc44?text=ipsa', '2024-08-03 18:34:47'),
(21, '2024-02-12 22:03:05', 'Quia laudantium et odio. Minus praesentium ea rem quis ullam. Quidem nesciunt repellat iusto sunt assumenda. Itaque fugit itaque omnis facilis consequatur reiciendis.', 'https://via.placeholder.com/640x480.png/002233?text=et', '2024-08-16 10:46:56'),
(21, '2024-02-21 08:51:53', 'Et natus nesciunt aut asperiores nihil a corporis. Cupiditate quos repellendus aliquam ipsam. At earum consectetur et deleniti eos.', 'https://via.placeholder.com/640x480.png/008855?text=qui', '2024-05-03 05:24:10'),
(21, '2024-03-14 08:38:38', 'Dignissimos numquam omnis eos magni molestiae. Expedita ut quia qui doloribus quod. Odio molestias beatae et soluta.', 'https://via.placeholder.com/640x480.png/003311?text=deserunt', '2024-04-26 11:59:26'),
(21, '2024-03-18 19:35:44', 'Facere saepe tempore maxime fugiat dolorum. Qui est labore eligendi minus recusandae.', 'https://via.placeholder.com/640x480.png/00bb99?text=optio', '2024-03-13 17:30:46'),
(21, '2024-03-29 09:51:41', 'Cumque corrupti quae velit doloremque reiciendis. Minus laboriosam voluptatem est dolorum modi. Qui eaque ipsa et voluptates id. Aliquid suscipit sapiente ut.', 'https://via.placeholder.com/640x480.png/0011ff?text=impedit', '2024-08-24 20:46:36'),
(21, '2024-04-01 19:24:10', 'Sed ad voluptates accusantium saepe dolor. Possimus incidunt porro repellat delectus omnis ut et. Laudantium reprehenderit aliquid sit magni quas ut facilis.', 'https://via.placeholder.com/640x480.png/00bb22?text=autem', '2024-03-22 00:14:15'),
(21, '2024-04-24 01:38:09', 'Voluptate impedit quae dolore facilis excepturi. Aut laborum aut sint a dolorem. A mollitia omnis earum dolorem asperiores. Veritatis consectetur odit reiciendis aut necessitatibus quae.', 'https://via.placeholder.com/640x480.png/001100?text=aut', '2024-03-28 14:18:18'),
(21, '2024-04-25 22:46:59', 'Rem est enim corporis quis. Aut saepe in qui qui fugiat ratione. Cumque nihil voluptatem eaque porro quibusdam reprehenderit omnis. In incidunt eum similique rerum.', 'https://via.placeholder.com/640x480.png/0088cc?text=magnam', '2024-03-24 05:24:17'),
(21, '2024-05-18 14:21:51', 'Ut dicta earum fuga voluptates laudantium dicta. Eveniet nulla accusamus veniam culpa est sit aut. Perferendis laboriosam sit accusantium neque eveniet quis dolorum.', 'https://via.placeholder.com/640x480.png/005544?text=voluptate', '2024-07-14 06:24:23'),
(21, '2024-05-23 04:08:42', 'Voluptates quas dicta unde corrupti perferendis fuga. Deleniti nihil ea fugiat nesciunt aut ad omnis. Assumenda omnis at sed quo deserunt amet eius. Voluptatem error enim tempora ut id sed impedit.', 'https://via.placeholder.com/640x480.png/0022ee?text=dolor', '2024-04-25 09:13:44'),
(21, '2024-05-26 02:26:24', 'Qui accusantium molestiae ut ea asperiores ut fugiat. Officiis deleniti exercitationem blanditiis id nihil. Et omnis totam laboriosam voluptatem in et. Rem est esse sapiente quo pariatur.', 'https://via.placeholder.com/640x480.png/00ddbb?text=ut', '2024-02-24 22:16:12'),
(21, '2024-07-06 07:16:53', 'Delectus illum voluptatem sed at dolor tenetur. Aliquam sequi impedit modi est eveniet. Ut ex nihil nulla autem. Qui natus sequi autem tenetur aut. Omnis aspernatur veritatis id dolorem.', 'https://via.placeholder.com/640x480.png/002277?text=est', '2024-05-06 12:17:23'),
(21, '2024-07-24 21:10:50', 'Maiores alias qui nihil iste odit. Corrupti assumenda ut laudantium dolores deleniti provident expedita. Corrupti soluta tempore adipisci quia occaecati odio. Ipsam ea distinctio id odit ex et consequatur occaecati.', 'https://via.placeholder.com/640x480.png/002255?text=veritatis', '2024-07-23 15:56:29'),
(21, '2024-08-03 12:26:40', 'Totam et facilis eos nisi sed eos eos. Autem molestias laborum sed et et qui aut. Ex placeat quidem est id laborum autem nulla. Qui ad accusantium voluptatem qui sunt et.', 'https://via.placeholder.com/640x480.png/0055dd?text=omnis', '2024-09-02 05:40:15'),
(21, '2024-08-25 22:47:39', 'Quibusdam at nostrum et. Sint a illo iusto sit sed. Facilis aliquid porro voluptatibus et laboriosam.', 'https://via.placeholder.com/640x480.png/00ccee?text=autem', '2024-07-25 14:46:35'),
(22, '2024-01-11 08:44:29', 'Fugit vitae cum vel saepe. Natus harum reiciendis maiores iusto ut et. Est ea in debitis harum quae. Aliquid excepturi quis est vel repellendus.', 'https://via.placeholder.com/640x480.png/006666?text=consequatur', '2024-01-21 13:41:06'),
(22, '2024-01-26 12:11:11', 'In possimus nisi quod neque est id. Delectus odio est aut est necessitatibus et veniam. Perspiciatis aperiam ducimus itaque quas qui rerum. Et sit eaque minima porro consequuntur et.', 'https://via.placeholder.com/640x480.png/0044bb?text=quam', '2024-03-10 18:14:46'),
(22, '2024-02-05 10:29:00', 'Voluptatum earum aperiam labore maxime aperiam asperiores alias illo. Officia veniam quae et illum enim. Est aut autem blanditiis reprehenderit qui. Hic architecto et ex alias quisquam eligendi.', 'https://via.placeholder.com/640x480.png/007733?text=omnis', '2024-08-05 06:19:08'),
(22, '2024-03-11 19:38:09', 'Et vitae corrupti est harum aut voluptatum porro autem. Hic reiciendis nemo nulla consequatur vel laboriosam odit ipsum. Animi ipsa quisquam perspiciatis architecto sint esse nostrum.', 'https://via.placeholder.com/640x480.png/00dd33?text=ut', '2024-08-14 01:17:05'),
(22, '2024-03-15 18:06:25', 'Impedit pariatur voluptas incidunt doloremque quis distinctio officiis. Eaque fuga et consectetur nesciunt. Omnis fugit modi dolore quo molestiae rerum saepe fugit. Temporibus illo excepturi dolorem error.', 'https://via.placeholder.com/640x480.png/0066bb?text=quod', '2024-07-20 22:25:29'),
(22, '2024-03-17 04:31:30', 'Deleniti eos consequuntur voluptate porro hic. Molestias officiis et atque quidem voluptatibus veritatis molestiae repellendus. Illum beatae consequuntur itaque ipsa enim. Consequatur ad earum provident iusto.', 'https://via.placeholder.com/640x480.png/00aabb?text=suscipit', '2024-08-06 18:22:55'),
(22, '2024-03-17 19:06:16', 'Consequatur eum illum et odio repudiandae illo aut. Rerum quibusdam rerum velit dicta et id.', 'https://via.placeholder.com/640x480.png/0077dd?text=veniam', '2024-01-13 09:45:40'),
(22, '2024-03-29 12:48:17', 'Quo neque pariatur inventore magni. Iste quia qui officiis iusto sed quis. Praesentium harum id sit ut cumque necessitatibus omnis. Assumenda qui molestias et earum ut.', 'https://via.placeholder.com/640x480.png/00ff33?text=placeat', '2023-12-31 18:49:36'),
(22, '2024-04-01 09:19:44', 'Qui qui repellendus nulla error molestiae aut. Qui magnam laudantium incidunt ad excepturi quod. In deserunt aperiam eligendi iste labore aperiam vel. Aliquid ipsum et est aut.', 'https://via.placeholder.com/640x480.png/00dd33?text=illum', '2024-01-08 20:16:00'),
(22, '2024-04-06 20:38:37', 'Distinctio qui aut aperiam doloremque in harum et. Nihil est quas laudantium autem harum fugit iste. Ipsa quia quasi quis nisi illum animi est sunt. Fuga reprehenderit in magni non eveniet iste aut. Adipisci dolorum quidem earum et reiciendis itaque ab corrupti.', 'https://via.placeholder.com/640x480.png/00cc11?text=consectetur', '2024-02-04 11:10:26'),
(22, '2024-04-21 17:14:59', 'Est dolorem illum et unde nobis doloremque quia nesciunt. A sed necessitatibus natus quibusdam temporibus porro ea. Aut explicabo tempore delectus nam qui. Ratione commodi voluptates perspiciatis distinctio quod sit harum saepe.', 'https://via.placeholder.com/640x480.png/00aadd?text=commodi', '2024-07-23 09:52:58'),
(22, '2024-05-06 04:25:46', 'Dolorem minima ab quis cumque similique. Recusandae sit laudantium minima consectetur repellat sunt. Est et fuga velit molestiae. Alias voluptates explicabo fugit eveniet rerum distinctio.', 'https://via.placeholder.com/640x480.png/005599?text=ea', '2024-03-19 09:23:55'),
(22, '2024-05-07 14:33:09', 'Iste autem cumque et labore. Dignissimos quam aperiam vero maxime quasi possimus quo. Expedita nihil omnis quia voluptatum.', 'https://via.placeholder.com/640x480.png/005588?text=amet', '2024-02-23 19:27:18'),
(22, '2024-05-12 16:34:55', 'Libero quia sapiente id velit voluptas est. Cum minima vel provident rerum mollitia. Labore ut et voluptate veritatis labore ut quod.', 'https://via.placeholder.com/640x480.png/0099dd?text=et', '2024-02-27 05:07:30'),
(22, '2024-05-13 20:27:09', 'Possimus facere optio minima ut quae. Deserunt ut cupiditate sint aut consectetur ab illum et.', 'https://via.placeholder.com/640x480.png/009944?text=numquam', '2024-07-11 21:02:09'),
(22, '2024-06-16 12:26:15', 'Odit ut aut sunt assumenda nihil consequuntur sunt. Praesentium soluta aliquid nobis omnis dolore voluptatibus omnis. Aut et aperiam voluptatem in nulla.', 'https://via.placeholder.com/640x480.png/0011cc?text=placeat', '2024-07-15 03:54:05'),
(22, '2024-07-21 14:35:26', 'Iure ducimus est iusto voluptas nisi atque officiis. Ab corrupti nesciunt sit earum voluptatem. Ullam placeat perspiciatis autem aut quam iusto. Ut sed accusamus accusamus voluptas in sit in et.', 'https://via.placeholder.com/640x480.png/000011?text=aut', '2024-06-14 04:50:00'),
(22, '2024-07-27 12:18:48', 'Sed quo qui aspernatur. Aut sit minus et nulla veniam. Voluptatem sed non rerum accusamus eveniet eius eligendi occaecati. Neque ea quia quaerat mollitia amet officiis quia id.', 'https://via.placeholder.com/640x480.png/0000ee?text=praesentium', '2024-05-11 05:27:37'),
(22, '2024-08-21 01:48:31', 'Assumenda eius deserunt soluta qui dignissimos. Dolores voluptatem occaecati in adipisci. In nihil est quos eligendi nostrum eligendi dolore. Consequatur perspiciatis velit dolores eaque. Fuga optio eum dolor.', 'https://via.placeholder.com/640x480.png/0011dd?text=exercitationem', '2024-04-20 08:39:31'),
(22, '2024-08-29 05:10:46', 'Quia et placeat reiciendis nam perferendis quo dolores. Iste est similique maxime eum repellendus distinctio voluptatem. Est doloremque veritatis illo ut ut et sed voluptatem. Laborum harum culpa odit. Inventore sed cumque perspiciatis voluptates.', 'https://via.placeholder.com/640x480.png/002299?text=laboriosam', '2024-07-04 18:38:42');

INSERT INTO `division_kpis` (`division_id`, `year`, `month`, `task_name`, `weight`, `target`, `end_of_month_realization`, `created_at`, `updated_at`) VALUES
(1, '2024', 1, 'Design Website CC Careers', 10, 95, NULL, '2024-09-11 02:50:34', '2024-09-11 02:50:34'),
(1, '2024', 1, 'Another KPI', 90, 95, NULL, '2024-09-11 02:50:34', '2024-09-11 02:50:34'),
(1, '2024', 2, 'Membuat API CC Careers', 10, 95, NULL, '2024-09-11 02:50:41', '2024-09-11 02:50:41'),
(1, '2024', 2, 'Refactor Code', 90, 95, NULL, '2024-09-11 02:50:41', '2024-09-11 02:50:41');

INSERT INTO `kpis` (`user_id`, `year`, `month`, `activeness_Q1_realization`, `activeness_Q2_realization`, `activeness_Q3_realization`, `ability_Q1_realization`, `communication_Q1_realization`, `communication_Q2_realization`, `discipline_Q1_realization`, `discipline_Q2_realization`, `discipline_Q3_realization`, `created_at`, `updated_at`) VALUES
(1, '2024', 1, 3.06, 3.95, 8.49, 3.34, 4.81, 5.58, 6.73, 5.64, 4.95, '2024-09-04 22:55:12', '2024-09-04 22:55:12'),
(1, '2024', 2, 7.23, 3.94, 1.81, 6.94, 3.98, 3.61, 1.88, 9.77, 4.92, '2024-09-04 22:55:12', '2024-09-04 22:55:12'),
(1, '2024', 3, 3.03, 2.82, 4.55, 9.24, 9.43, 8.91, 4.95, 2.96, 3.24, '2024-09-04 22:55:12', '2024-09-04 22:55:12'),
(1, '2024', 4, 6.58, 2.43, 6.65, 0.95, 0.9, 7.18, 7.07, 2.42, 4.75, '2024-09-04 22:55:12', '2024-09-04 22:55:12'),
(2, '2024', 1, 5.32, 1.8, 5.28, 2.69, 6.69, 2.83, 7.41, 9.66, 2.26, '2024-09-04 22:55:12', '2024-09-04 22:55:12'),
(2, '2024', 2, 9.42, 8.26, 5.6, 6.6, 8.79, 0.11, 9.52, 1.6, 1.14, '2024-09-04 22:55:12', '2024-09-04 22:55:12'),
(2, '2024', 3, 5.59, 9.03, 4.8, 7.76, 1.29, 9.61, 3.39, 0.1, 7.49, '2024-09-04 22:55:12', '2024-09-04 22:55:12'),
(2, '2024', 4, 6.62, 7.15, 3, 5.15, 8.35, 0.73, 9.7, 2.09, 0.77, '2024-09-04 22:55:12', '2024-09-04 22:55:12'),
(3, '2024', 1, 5.85, 8.52, 4.11, 5.09, 5, 0.92, 2.08, 3.54, 7.89, '2024-09-04 22:55:12', '2024-09-04 22:55:12'),
(3, '2024', 2, 0.86, 0.78, 7.77, 0.51, 6.3, 3.54, 1.24, 6.79, 3.97, '2024-09-04 22:55:12', '2024-09-04 22:55:12'),
(3, '2024', 3, 3.21, 9.41, 8.87, 2.31, 2.8, 3.57, 3, 1.09, 5.54, '2024-09-04 22:55:12', '2024-09-04 22:55:12'),
(3, '2024', 4, 0.46, 8.57, 5.91, 5.07, 5.92, 7.54, 7.94, 3.69, 1.87, '2024-09-04 22:55:12', '2024-09-04 22:55:12'),
(4, '2024', 1, 3.4, 0.24, 6.68, 7.2, 5.64, 2.4, 7.37, 9.48, 8.13, '2024-09-04 22:55:12', '2024-09-04 22:55:12'),
(4, '2024', 2, 7.55, 0.04, 8.37, 9.96, 2.34, 1.28, 8.07, 7.49, 1.88, '2024-09-04 22:55:12', '2024-09-04 22:55:12'),
(4, '2024', 3, 9.8, 8.52, 6.49, 3.62, 8.1, 1.85, 3.1, 5.42, 6.68, '2024-09-04 22:55:12', '2024-09-04 22:55:12'),
(4, '2024', 4, 0.46, 1.98, 3.75, 9.45, 6.19, 5.13, 8.07, 0.66, 6.74, '2024-09-04 22:55:12', '2024-09-04 22:55:12'),
(5, '2024', 1, 6.71, 5.28, 7.79, 8.78, 9.25, 8.67, 3.54, 4.5, 3.29, '2024-09-04 22:55:12', '2024-09-04 22:55:12'),
(5, '2024', 2, 5.03, 4.93, 5.5, 0.49, 0.99, 4.62, 7.4, 0.28, 4.28, '2024-09-04 22:55:12', '2024-09-04 22:55:12'),
(5, '2024', 3, 7.65, 5.46, 7.53, 6.28, 7.06, 7.87, 2.03, 5.41, 6.31, '2024-09-04 22:55:12', '2024-09-04 22:55:12'),
(5, '2024', 4, 3.32, 4.8, 1.6, 9.31, 2.42, 2.26, 9.29, 5.29, 6.24, '2024-09-04 22:55:12', '2024-09-04 22:55:12'),
(6, '2024', 1, 7.66, 9.21, 6.33, 4.7, 1.28, 7.86, 5.76, 8.18, 9.84, '2024-09-04 22:55:12', '2024-09-04 22:55:12'),
(6, '2024', 2, 6.88, 8.94, 8.51, 1.05, 0.09, 1.8, 9.9, 2.15, 3.87, '2024-09-04 22:55:12', '2024-09-04 22:55:12'),
(6, '2024', 3, 6.92, 1.05, 6.45, 0.99, 5.41, 6.77, 7.88, 0.28, 3.91, '2024-09-04 22:55:12', '2024-09-04 22:55:12'),
(6, '2024', 4, 9.2, 4.76, 8.76, 3.73, 5.01, 3.72, 4.6, 4.43, 4.98, '2024-09-04 22:55:12', '2024-09-04 22:55:12'),
(7, '2024', 1, 9.95, 2.67, 6.73, 0.23, 0.19, 4.94, 0.23, 3.28, 0.21, '2024-09-04 22:55:12', '2024-09-04 22:55:12'),
(7, '2024', 2, 1.15, 1.27, 2.28, 8.06, 3.04, 9.46, 5.6, 1.03, 7.37, '2024-09-04 22:55:12', '2024-09-04 22:55:12'),
(7, '2024', 3, 5.37, 7.08, 3.52, 3.59, 5.06, 5.25, 7.31, 8.1, 9.52, '2024-09-04 22:55:12', '2024-09-04 22:55:12'),
(7, '2024', 4, 2.65, 1.95, 8.66, 3.89, 8.95, 6.49, 7.25, 2.67, 7.21, '2024-09-04 22:55:12', '2024-09-04 22:55:12'),
(8, '2024', 1, 8.27, 0.57, 7.1, 9.63, 0.46, 4.73, 2.57, 8.27, 0.52, '2024-09-04 22:55:12', '2024-09-04 22:55:12'),
(8, '2024', 2, 0.91, 3.64, 2.19, 5.34, 7.68, 5.17, 3.77, 7.35, 8.52, '2024-09-04 22:55:12', '2024-09-04 22:55:12'),
(8, '2024', 3, 2.77, 3.42, 3.5, 8.39, 1.4, 6.17, 8.08, 3.64, 3.09, '2024-09-04 22:55:12', '2024-09-04 22:55:12'),
(8, '2024', 4, 3.76, 6.42, 8.19, 1.01, 4.65, 2.02, 4.34, 0.94, 5.06, '2024-09-04 22:55:12', '2024-09-04 22:55:12'),
(9, '2024', 1, 4.74, 3.35, 6.49, 1.82, 3.55, 1.49, 9.4, 7.48, 7.97, '2024-09-04 22:55:12', '2024-09-04 22:55:12'),
(9, '2024', 2, 9.95, 4.95, 5.83, 2.14, 2.36, 6.75, 4.27, 6.76, 4.78, '2024-09-04 22:55:12', '2024-09-04 22:55:12'),
(9, '2024', 3, 2.9, 3.65, 1.16, 1.94, 7.64, 4.26, 8.05, 8.31, 0.06, '2024-09-04 22:55:12', '2024-09-04 22:55:12'),
(9, '2024', 4, 0.28, 5.42, 2.08, 0.44, 7.59, 5.15, 5.52, 0.63, 2.19, '2024-09-04 22:55:12', '2024-09-04 22:55:12'),
(10, '2024', 1, 1.63, 5.89, 5.87, 9.45, 1.25, 3.89, 1.93, 0.35, 1.23, '2024-09-04 22:55:12', '2024-09-04 22:55:12'),
(10, '2024', 2, 5.4, 7.25, 2.25, 3.36, 5.05, 5.88, 9.45, 4.1, 3.78, '2024-09-04 22:55:12', '2024-09-04 22:55:12'),
(10, '2024', 3, 1.47, 0.28, 9.78, 7.56, 5.06, 5.23, 6.68, 0.73, 5.09, '2024-09-04 22:55:12', '2024-09-04 22:55:12'),
(10, '2024', 4, 2.35, 1.03, 3.31, 1.88, 8.01, 1.18, 9.89, 5.08, 3.6, '2024-09-04 22:55:12', '2024-09-04 22:55:12'),
(11, '2024', 1, 0.6, 8.19, 8.86, 9.22, 9.85, 2.28, 9.2, 6.82, 5.69, '2024-09-04 22:55:12', '2024-09-04 22:55:12'),
(11, '2024', 2, 2.91, 8, 2.87, 5.52, 2.21, 7.15, 1.52, 9.97, 0.55, '2024-09-04 22:55:12', '2024-09-04 22:55:12'),
(11, '2024', 3, 8.4, 4.38, 3.68, 2.85, 9.84, 4.51, 1.95, 2.07, 3.54, '2024-09-04 22:55:12', '2024-09-04 22:55:12'),
(11, '2024', 4, 3.71, 1.46, 7.55, 0.66, 9.95, 6.33, 1.33, 8.16, 3.32, '2024-09-04 22:55:12', '2024-09-04 22:55:12'),
(12, '2024', 1, 0.49, 7.69, 5.2, 4.62, 0.14, 1.93, 8.82, 5.7, 3.09, '2024-09-04 22:55:12', '2024-09-04 22:55:12'),
(12, '2024', 2, 2.42, 7.54, 9.65, 4.52, 4.01, 3.43, 8.34, 1.36, 0.18, '2024-09-04 22:55:12', '2024-09-04 22:55:12'),
(12, '2024', 3, 9.78, 6.61, 9.21, 0.86, 4.29, 3.02, 0.26, 6.94, 8.5, '2024-09-04 22:55:12', '2024-09-04 22:55:12'),
(12, '2024', 4, 6.46, 8.4, 3.31, 8.03, 1.14, 5.55, 2.93, 6.57, 7.6, '2024-09-04 22:55:12', '2024-09-04 22:55:12'),
(13, '2024', 1, 0.46, 6.61, 5.98, 7.96, 1.46, 1.26, 8.73, 0.3, 2.43, '2024-09-04 22:55:12', '2024-09-04 22:55:12'),
(13, '2024', 2, 7.25, 2.7, 6.72, 2.99, 5.1, 4.15, 4.7, 9.72, 1.09, '2024-09-04 22:55:12', '2024-09-04 22:55:12'),
(13, '2024', 3, 5.55, 1.9, 7.64, 3.73, 4.31, 8.86, 7.72, 2.32, 9.07, '2024-09-04 22:55:12', '2024-09-04 22:55:12'),
(13, '2024', 4, 7, 9.26, 3.31, 2.36, 2.32, 2.77, 9.51, 1.4, 0, '2024-09-04 22:55:12', '2024-09-04 22:55:12'),
(13, '2024', 5, 5, 1, 2, 100, 4, 4, 100, 100, 100, '2024-09-05 02:32:40', '2024-09-05 02:32:40'),
(14, '2024', 1, 2.11, 7.25, 7.62, 8.14, 0.2, 7.82, 6.78, 2.81, 7.6, '2024-09-04 22:55:12', '2024-09-04 22:55:12'),
(14, '2024', 2, 0.43, 5.12, 1.55, 9.24, 7.38, 6.99, 3.3, 8.5, 2.27, '2024-09-04 22:55:12', '2024-09-04 22:55:12'),
(14, '2024', 3, 0.48, 0.29, 6.46, 8.32, 9.46, 6.68, 0.8, 7.37, 3.36, '2024-09-04 22:55:12', '2024-09-04 22:55:12'),
(14, '2024', 4, 2.39, 3.48, 2.83, 3.23, 2.71, 8.81, 9.56, 0.17, 9.6, '2024-09-04 22:55:12', '2024-09-04 22:55:12'),
(15, '2024', 1, 5.03, 8.89, 7.7, 7.36, 6.25, 4.41, 2.16, 2.34, 0.92, '2024-09-04 22:55:12', '2024-09-04 22:55:12'),
(15, '2024', 2, 4.78, 0.6, 8.38, 5.24, 1.29, 5.41, 8.09, 7.86, 9.1, '2024-09-04 22:55:12', '2024-09-04 22:55:12'),
(15, '2024', 3, 8.78, 8.21, 2.09, 5.09, 7.79, 7.86, 1.59, 3.92, 2.87, '2024-09-04 22:55:12', '2024-09-04 22:55:12'),
(15, '2024', 4, 1.07, 2.37, 3.75, 7.64, 7.71, 6.54, 2.07, 2.58, 3.61, '2024-09-04 22:55:12', '2024-09-04 22:55:12'),
(16, '2024', 1, 8.45, 2.98, 2.38, 9.16, 6.13, 2.43, 1.78, 2, 7.64, '2024-09-04 22:55:12', '2024-09-04 22:55:12'),
(16, '2024', 2, 0.52, 6.41, 6.56, 3.03, 6.76, 9.09, 2.61, 4.37, 8.06, '2024-09-04 22:55:12', '2024-09-04 22:55:12'),
(16, '2024', 3, 1.5, 7.96, 0.22, 6.61, 2.65, 1.46, 0.12, 9.27, 7.91, '2024-09-04 22:55:12', '2024-09-04 22:55:12'),
(16, '2024', 4, 5.77, 4.43, 6.47, 7.64, 8.4, 9.21, 0.45, 1.65, 3.66, '2024-09-04 22:55:12', '2024-09-04 22:55:12'),
(17, '2024', 1, 0.32, 2.59, 9.33, 5.59, 8.07, 9.93, 9.73, 6.13, 6.52, '2024-09-04 22:55:12', '2024-09-04 22:55:12'),
(17, '2024', 2, 9.22, 0.39, 2.63, 4.65, 6.13, 4.43, 9.59, 9.99, 3.31, '2024-09-04 22:55:12', '2024-09-04 22:55:12'),
(17, '2024', 3, 5.62, 3.59, 5.84, 3.8, 2.04, 1.43, 9.24, 4.91, 2.19, '2024-09-04 22:55:12', '2024-09-04 22:55:12'),
(17, '2024', 4, 3.38, 5.76, 2.41, 0.73, 9.21, 6.12, 3.54, 1.8, 8.45, '2024-09-04 22:55:12', '2024-09-04 22:55:12'),
(18, '2024', 1, 6.82, 9.63, 0.47, 1.56, 2.49, 8.88, 0.6, 6.3, 8.89, '2024-09-04 22:55:12', '2024-09-04 22:55:12'),
(18, '2024', 2, 1.45, 4.81, 4.52, 2.95, 0.29, 0.51, 2.85, 7.82, 4.3, '2024-09-04 22:55:12', '2024-09-04 22:55:12'),
(18, '2024', 3, 9.64, 6.62, 7.02, 9.05, 5.87, 0.21, 2.04, 7.32, 0.7, '2024-09-04 22:55:12', '2024-09-04 22:55:12'),
(18, '2024', 4, 5.17, 3.64, 4.36, 2.4, 0.91, 6.06, 2.75, 8.5, 1.25, '2024-09-04 22:55:12', '2024-09-04 22:55:12'),
(19, '2024', 1, 5.42, 9.39, 1.68, 5.92, 4.28, 2.31, 8.73, 2.97, 8.91, '2024-09-04 22:55:12', '2024-09-04 22:55:12'),
(19, '2024', 2, 3.26, 6.15, 7.58, 8.54, 5.28, 8.43, 7.16, 0.15, 0.18, '2024-09-04 22:55:12', '2024-09-04 22:55:12'),
(19, '2024', 3, 5.91, 1.22, 0.2, 2.49, 8.5, 5.6, 2.87, 1.93, 6.22, '2024-09-04 22:55:12', '2024-09-04 22:55:12'),
(19, '2024', 4, 2.03, 8.98, 3.05, 0.5, 6.02, 5.2, 9.94, 3.1, 0.5, '2024-09-04 22:55:12', '2024-09-04 22:55:12'),
(20, '2024', 1, 6.75, 9.5, 8.61, 3.94, 1.54, 9.09, 0.64, 3.14, 8.8, '2024-09-04 22:55:12', '2024-09-04 22:55:12'),
(20, '2024', 2, 5.96, 5.24, 9.41, 3.94, 7.98, 6.08, 6, 1.83, 0.38, '2024-09-04 22:55:12', '2024-09-04 22:55:12'),
(20, '2024', 3, 9.26, 9.38, 5.17, 7.2, 6.48, 4.48, 5.85, 9.3, 2.64, '2024-09-04 22:55:12', '2024-09-04 22:55:12'),
(20, '2024', 4, 5.01, 6.4, 4.74, 9.08, 3.75, 6.44, 6.22, 6.74, 9.72, '2024-09-04 22:55:12', '2024-09-04 22:55:12'),
(21, '2024', 1, 9.83, 6.63, 7.48, 2.23, 2.29, 8.71, 9.39, 9.31, 9.87, '2024-09-04 22:55:12', '2024-09-04 22:55:12'),
(21, '2024', 2, 9.68, 1.39, 9.91, 4.21, 6.34, 5.33, 4.81, 5.35, 0.05, '2024-09-04 22:55:12', '2024-09-04 22:55:12'),
(21, '2024', 3, 1.96, 8.75, 0.85, 9.67, 8.99, 1.47, 8.57, 4.45, 1.93, '2024-09-04 22:55:12', '2024-09-04 22:55:12'),
(21, '2024', 4, 2.51, 1.33, 1.46, 8.19, 3.25, 9.24, 2.09, 1.38, 7.11, '2024-09-04 22:55:12', '2024-09-04 22:55:12'),
(22, '2024', 1, 9.88, 3.48, 8.61, 2.02, 4.73, 6.01, 8.53, 0.99, 2.5, '2024-09-04 22:55:12', '2024-09-04 22:55:12'),
(22, '2024', 2, 3.36, 0.75, 0.85, 4.28, 6.26, 3.18, 9.73, 6.01, 0.07, '2024-09-04 22:55:12', '2024-09-04 22:55:12'),
(22, '2024', 3, 4.21, 9.98, 3.38, 3.82, 5.85, 8.69, 5.42, 7.87, 7.64, '2024-09-04 22:55:12', '2024-09-04 22:55:12'),
(22, '2024', 4, 7.51, 9.95, 7.26, 4.3, 1.58, 6.43, 2.78, 0.71, 9.88, '2024-09-04 22:55:12', '2024-09-04 22:55:12');

INSERT INTO `monthly_feedbacks` (`user_id`, `year`, `month`, `content_text`, `created_at`, `updated_at`) VALUES
(1, '2024', 1, 'Temporibus nihil ut maxime adipisci. Et id rerum molestiae consequatur dolorem quasi consectetur. A et accusamus officiis itaque. Aut reiciendis quas id est.', '2024-09-04 22:55:11', '2024-09-04 22:55:11'),
(1, '2024', 2, 'Quos fugit dolorum quo cumque ex. Aut quae unde delectus pariatur molestias porro consequatur. Quibusdam itaque delectus deserunt aut. Voluptates sit pariatur sit ratione optio magnam.', '2024-09-04 22:55:11', '2024-09-04 22:55:11'),
(1, '2024', 3, 'Et id saepe autem numquam minus ipsam. Adipisci doloremque magni illum eaque totam. Sint sed explicabo laudantium nulla mollitia excepturi. Quo voluptate quisquam vel consectetur eos sed quae.', '2024-09-04 22:55:11', '2024-09-04 22:55:11'),
(1, '2024', 4, 'Qui libero architecto magni omnis asperiores. Nisi non quasi molestiae nemo hic. Quasi eos est nihil consequatur sed impedit consequatur. Dolorem asperiores molestiae velit non ut ut.', '2024-09-04 22:55:11', '2024-09-04 22:55:11'),
(2, '2024', 1, 'Mollitia ab sunt tempora minima nesciunt. Suscipit iusto iusto odio consequatur maiores est autem. Rerum occaecati nostrum sed.', '2024-09-04 22:55:11', '2024-09-04 22:55:11'),
(2, '2024', 2, 'Hic illo voluptatem reprehenderit quibusdam eveniet totam. Tenetur pariatur adipisci fugiat voluptates. Eveniet culpa qui veniam atque a ratione ea ut. Voluptas nisi cumque quos praesentium praesentium quas quia.', '2024-09-04 22:55:11', '2024-09-04 22:55:11'),
(2, '2024', 3, 'Sequi dolore labore cum. Et non ratione nesciunt voluptatem quia quis ex. Omnis in aut repellat neque rerum debitis. Suscipit officiis perspiciatis perferendis minus ut voluptas.', '2024-09-04 22:55:11', '2024-09-04 22:55:11'),
(2, '2024', 4, 'Suscipit aut quas et velit officia harum iusto. Quia vero et cupiditate iure eligendi a quod. Quo aut accusamus aliquid ducimus accusamus quae omnis quidem.', '2024-09-04 22:55:11', '2024-09-04 22:55:11'),
(3, '2024', 1, 'Nostrum a nihil quisquam ullam iusto alias in. Accusantium vel qui sapiente culpa accusamus.', '2024-09-04 22:55:11', '2024-09-04 22:55:11'),
(3, '2024', 2, 'Cum et sequi aliquam. Et consequatur quasi natus quo modi. Voluptatem commodi explicabo voluptates officia quo. Quam sapiente consectetur et excepturi eligendi expedita.', '2024-09-04 22:55:11', '2024-09-04 22:55:11'),
(3, '2024', 3, 'Veniam non dolor omnis dolorum quod unde. Nihil dolore odit non praesentium unde qui. Fugit illo similique ratione vel. Earum consequatur odio voluptatem rerum mollitia nobis. Est asperiores occaecati sint voluptates debitis.', '2024-09-04 22:55:11', '2024-09-04 22:55:11'),
(3, '2024', 4, 'Repellendus et nesciunt voluptatem eos unde. Voluptates sequi deserunt minima quis quia provident tempore esse. Est odio tempora quod voluptas debitis hic voluptatem. Saepe et labore blanditiis sunt excepturi accusamus. Saepe ut deserunt et et itaque sit et.', '2024-09-04 22:55:11', '2024-09-04 22:55:11'),
(4, '2024', 1, 'Consequatur quibusdam molestiae fugiat doloribus quo dignissimos dolorem. Consectetur necessitatibus inventore omnis quod est eos. Dolore vel sunt omnis ducimus.', '2024-09-04 22:55:11', '2024-09-04 22:55:11'),
(4, '2024', 2, 'Ad et consequuntur deserunt sequi veritatis incidunt. Quas quasi alias ut et fuga asperiores. Sequi vitae nemo adipisci et odio rerum animi.', '2024-09-04 22:55:11', '2024-09-04 22:55:11'),
(4, '2024', 3, 'Repellendus maiores qui nesciunt nam quisquam. Est possimus laudantium omnis. Quo eum itaque dolores accusamus dolorum. Fuga optio libero animi excepturi voluptate. Porro excepturi quasi numquam odit illo sed rerum magni.', '2024-09-04 22:55:11', '2024-09-04 22:55:11'),
(4, '2024', 4, 'Earum aut ducimus consectetur perspiciatis et quibusdam at. Et illo explicabo ut corrupti velit. Reiciendis quo vitae quis provident voluptatem nam.', '2024-09-04 22:55:11', '2024-09-04 22:55:11'),
(5, '2024', 1, 'Consectetur natus autem odit explicabo aut officia odio. Earum suscipit qui quo a veritatis et. Voluptatibus ut quis et nesciunt cupiditate vel.', '2024-09-04 22:55:11', '2024-09-04 22:55:11'),
(5, '2024', 2, 'Ut ullam voluptas doloremque ea laborum quas amet. Alias et et accusamus necessitatibus et possimus. Aut quidem atque voluptatem non.', '2024-09-04 22:55:11', '2024-09-04 22:55:11'),
(5, '2024', 3, 'Ratione eum nisi consequuntur commodi quo optio. Quibusdam fugiat sequi dolorem et voluptas saepe optio. Quia et id nisi assumenda magni repellendus at est.', '2024-09-04 22:55:11', '2024-09-04 22:55:11'),
(5, '2024', 4, 'Doloribus non laborum culpa numquam sed maxime. Architecto odit qui sunt dignissimos aut saepe. Est accusantium quisquam molestiae porro autem. Officiis ut minus soluta omnis excepturi non.', '2024-09-04 22:55:11', '2024-09-04 22:55:11'),
(6, '2024', 1, 'Tempore recusandae blanditiis reprehenderit nesciunt ipsa. Accusantium quisquam est et quaerat nostrum harum. Sit recusandae deserunt et sequi.', '2024-09-04 22:55:11', '2024-09-04 22:55:11'),
(6, '2024', 2, 'Quibusdam est qui quasi dolor cumque cumque corporis. Quae recusandae omnis nisi voluptatem ipsam ipsum. Sit ipsam facere qui aut sunt quo.', '2024-09-04 22:55:11', '2024-09-04 22:55:11'),
(6, '2024', 3, 'Nostrum incidunt quod officia. Nihil voluptatibus quo et aperiam molestias. Animi unde qui vero. Aperiam quis iste doloremque soluta qui iusto sint quisquam.', '2024-09-04 22:55:11', '2024-09-04 22:55:11'),
(6, '2024', 4, 'Et est sequi similique est fuga. Iste aut iusto sit nihil. Rerum accusamus quisquam esse qui reprehenderit. Et voluptates illo veniam aut recusandae officiis a.', '2024-09-04 22:55:11', '2024-09-04 22:55:11'),
(7, '2024', 1, 'Voluptate rem est aperiam veritatis. In quia maxime qui veritatis et. Illo ipsa velit est voluptas. Quam est distinctio sunt architecto.', '2024-09-04 22:55:11', '2024-09-04 22:55:11'),
(7, '2024', 2, 'Voluptatibus perspiciatis qui qui itaque. Aspernatur totam dolor ut expedita. Saepe eligendi ullam molestiae et. Animi explicabo maiores rerum est et animi veniam ad. Sapiente dolor debitis qui quisquam.', '2024-09-04 22:55:11', '2024-09-04 22:55:11'),
(7, '2024', 3, 'Assumenda quae adipisci non sit. Dicta rem quo placeat quas ad repudiandae. Aliquid non impedit quaerat maiores quia.', '2024-09-04 22:55:11', '2024-09-04 22:55:11'),
(7, '2024', 4, 'Temporibus officia officia earum dolorem quo officiis. Rem doloremque et dignissimos quo rerum tempore et et. Architecto in omnis voluptatem a ut consequatur consequatur veniam. Ut repudiandae et temporibus molestiae praesentium.', '2024-09-04 22:55:11', '2024-09-04 22:55:11'),
(8, '2024', 1, 'Aut dicta iure et ipsum esse dolorem aperiam. Animi qui nesciunt maiores ut. Recusandae nobis dolores id libero consequuntur perferendis est.', '2024-09-04 22:55:11', '2024-09-04 22:55:11'),
(8, '2024', 2, 'Perferendis ut sunt quaerat et. Omnis aut iure quas culpa iste dolor. Dolor consequuntur ipsa sit quos ullam. Aspernatur veniam blanditiis distinctio doloribus quam fuga veritatis et.', '2024-09-04 22:55:11', '2024-09-04 22:55:11'),
(8, '2024', 3, 'Voluptatibus autem voluptatem nostrum autem ipsa amet. Commodi accusamus culpa aut impedit voluptatem. Qui iusto sequi impedit. Reprehenderit ipsa maxime debitis iure.', '2024-09-04 22:55:11', '2024-09-04 22:55:11'),
(8, '2024', 4, 'Fuga ea veniam eum officiis cum perspiciatis. Quasi molestias magni ipsum voluptatem delectus et est.', '2024-09-04 22:55:11', '2024-09-04 22:55:11'),
(8, '2024', 5, 'lu keren', '2024-09-05 01:54:59', '2024-09-05 01:54:59'),
(9, '2024', 1, 'Consequatur distinctio aliquid aut quibusdam velit totam nihil. Aut qui soluta consequuntur enim voluptas necessitatibus quia. Facilis maiores quia eligendi quaerat provident ducimus. Nobis minus corrupti optio minima et omnis sed et.', '2024-09-04 22:55:11', '2024-09-04 22:55:11'),
(9, '2024', 2, 'Ipsam incidunt animi dolore non. Aut molestias sequi enim laborum praesentium est voluptates. Consequatur et ad nesciunt. Eveniet dolorem iusto non similique explicabo voluptatem eveniet.', '2024-09-04 22:55:11', '2024-09-04 22:55:11'),
(9, '2024', 3, 'Repudiandae doloremque neque delectus vitae. Quisquam ut laborum assumenda laborum et officia. Architecto est accusamus et corrupti.', '2024-09-04 22:55:11', '2024-09-04 22:55:11'),
(9, '2024', 4, 'Vero possimus ut quia architecto dolor nemo earum qui. Quisquam sapiente assumenda animi quod sunt sint. Consequatur quo eveniet necessitatibus ipsum. Aut corrupti quia temporibus dicta ut nihil.', '2024-09-04 22:55:11', '2024-09-04 22:55:11'),
(10, '2024', 1, 'Necessitatibus sed necessitatibus libero ea reprehenderit recusandae nostrum reiciendis. Error dignissimos aliquid nihil et recusandae. Maxime aut voluptatem aliquid animi expedita sint.', '2024-09-04 22:55:11', '2024-09-04 22:55:11'),
(10, '2024', 2, 'Voluptatem maiores dolorem est velit molestiae nostrum et. Doloribus voluptates quas corrupti. Aut excepturi odit eum numquam molestiae ea voluptates et. Similique facilis ea odio numquam molestias omnis magnam.', '2024-09-04 22:55:11', '2024-09-04 22:55:11'),
(10, '2024', 3, 'Neque sequi nihil fugit vel facere. Quia molestiae voluptatem quasi magnam. In dolorem explicabo sit harum maiores.', '2024-09-04 22:55:11', '2024-09-04 22:55:11'),
(10, '2024', 4, 'Autem harum maiores deleniti sit aliquid. Porro ea animi qui aut. Voluptas adipisci inventore perspiciatis ut eos.', '2024-09-04 22:55:11', '2024-09-04 22:55:11'),
(11, '2024', 1, 'Dolor sit minus dolorem quaerat. Tempora dolorum rerum voluptatibus vitae. Eos rerum est et molestiae ut minus.', '2024-09-04 22:55:11', '2024-09-04 22:55:11'),
(11, '2024', 2, 'Et quaerat odit quam. Voluptatem hic ut esse distinctio aut asperiores debitis et. Consequuntur quisquam quia quo et aut.', '2024-09-04 22:55:11', '2024-09-04 22:55:11'),
(11, '2024', 3, 'Ex non sed tempore sapiente. Eum voluptas cum sed nulla itaque ut placeat. Sunt qui consequatur beatae ut et omnis iusto. Commodi sit voluptate explicabo ut accusantium. Architecto reprehenderit reprehenderit quia omnis deserunt.', '2024-09-04 22:55:11', '2024-09-04 22:55:11'),
(11, '2024', 4, 'Assumenda laborum molestias omnis perspiciatis. Labore itaque modi sed tempore est aperiam rem. Et id doloribus eveniet at ducimus fugit laborum.', '2024-09-04 22:55:11', '2024-09-04 22:55:11'),
(12, '2024', 1, 'Aut vel itaque quasi magnam. Dolores dolor dignissimos dolorum quas necessitatibus. Et rem ut deserunt voluptatibus et. Laboriosam totam voluptas voluptatibus possimus possimus enim consequatur. Cum rerum enim quod hic.', '2024-09-04 22:55:11', '2024-09-04 22:55:11'),
(12, '2024', 2, 'Eveniet nesciunt dolore atque harum. Molestias aut ex officia iure nemo. Aut quo labore officia illum. Dolorum ea non ipsum optio in.', '2024-09-04 22:55:11', '2024-09-04 22:55:11'),
(12, '2024', 3, 'Officiis dolorem hic nihil. Aspernatur consectetur ut dolorem quidem quos. Et est omnis quos ut earum qui enim. Quis adipisci et adipisci quo tempore deserunt quas.', '2024-09-04 22:55:11', '2024-09-04 22:55:11'),
(12, '2024', 4, 'Inventore vel eos ea sunt. Ut placeat quia molestias voluptate. Numquam unde et cumque soluta aspernatur.', '2024-09-04 22:55:11', '2024-09-04 22:55:11'),
(13, '2024', 1, 'Laboriosam nesciunt vel reprehenderit voluptates voluptas neque. Aliquam pariatur at praesentium. Quas autem veritatis reprehenderit voluptatem.', '2024-09-04 22:55:11', '2024-09-04 22:55:11'),
(13, '2024', 2, 'Sed iusto aperiam nesciunt corrupti tenetur illum id. Molestiae quo reiciendis id est dolorem. Possimus tempore sed nesciunt doloribus voluptas. Quibusdam officia id consequuntur quia vitae vero quis.', '2024-09-04 22:55:11', '2024-09-04 22:55:11'),
(13, '2024', 3, 'Dolores unde enim ut et sit. Et expedita et ea amet sequi.', '2024-09-04 22:55:11', '2024-09-04 22:55:11'),
(13, '2024', 4, 'Natus rerum dolor et tempora maxime. Assumenda est et voluptates sed autem. Impedit enim tempore nisi.', '2024-09-04 22:55:11', '2024-09-04 22:55:11'),
(13, '2024', 5, 'Keren banget', '2024-09-05 02:30:07', '2024-09-05 02:30:07'),
(14, '2024', 1, 'Dolorem omnis laborum tenetur. Molestias voluptatum nihil ut. Aut illo unde et voluptatibus ullam expedita veritatis non.', '2024-09-04 22:55:11', '2024-09-04 22:55:11'),
(14, '2024', 2, 'Dolores non nisi maiores doloribus quis. Ratione non repellendus deserunt laborum et. Sed est quis deleniti aut ut quo. Voluptates est qui quia rerum possimus neque ullam.', '2024-09-04 22:55:11', '2024-09-04 22:55:11'),
(14, '2024', 3, 'Adipisci cupiditate voluptas voluptatum quia aliquam tempora aspernatur sapiente. Eum ipsam sint quae. Molestias rerum dignissimos explicabo quae fugit officia modi. Odio iusto quas ratione vel ea.', '2024-09-04 22:55:11', '2024-09-04 22:55:11'),
(14, '2024', 4, 'Rem itaque et ut quo atque laboriosam asperiores. Reprehenderit ut sed atque. Consectetur voluptate pariatur illum minus esse.', '2024-09-04 22:55:11', '2024-09-04 22:55:11'),
(15, '2024', 1, 'Eos similique quo est qui tempora quis amet. Ipsam voluptatem iusto sunt voluptatem. Ipsa reprehenderit vel dicta.', '2024-09-04 22:55:11', '2024-09-04 22:55:11'),
(15, '2024', 2, 'Asperiores ad est eum ipsa. Harum quia nam ab vel adipisci numquam impedit. Minus commodi occaecati ut eius eos.', '2024-09-04 22:55:11', '2024-09-04 22:55:11'),
(15, '2024', 3, 'Labore ratione debitis delectus. Aut numquam illo ducimus numquam distinctio aut. Itaque velit porro a illum animi officia quia nam.', '2024-09-04 22:55:11', '2024-09-04 22:55:11'),
(15, '2024', 4, 'Sed cum neque tempore ut velit placeat omnis. Sunt corrupti quia fugit tenetur et nostrum.', '2024-09-04 22:55:11', '2024-09-04 22:55:11'),
(16, '2024', 1, 'Vel recusandae ut aperiam ab architecto doloribus. Ad quaerat qui autem ut. Velit quos iure est.', '2024-09-04 22:55:11', '2024-09-04 22:55:11'),
(16, '2024', 2, 'A voluptates in nisi ratione quia tempore. Animi rerum ut necessitatibus iusto necessitatibus illo. Nam voluptatum qui accusamus ut deserunt corrupti corporis.', '2024-09-04 22:55:11', '2024-09-04 22:55:11'),
(16, '2024', 3, 'Animi error nam veniam. Unde eum ut dolorem. Ut iste sint autem et dignissimos vel. Numquam voluptas cupiditate provident voluptates libero rem esse ex.', '2024-09-04 22:55:11', '2024-09-04 22:55:11'),
(16, '2024', 4, 'Nihil debitis quo doloremque voluptatem est. Esse sit quisquam magnam similique deserunt non soluta numquam.', '2024-09-04 22:55:11', '2024-09-04 22:55:11'),
(17, '2024', 1, 'Enim perferendis laboriosam aut nihil ipsa eos vel. Quo fugit amet omnis et voluptatem quo sed. Inventore placeat hic beatae quam est quos.', '2024-09-04 22:55:11', '2024-09-04 22:55:11'),
(17, '2024', 2, 'Id doloremque optio cupiditate voluptate. Porro omnis ut id nulla similique porro assumenda. Ea sunt perferendis illo voluptatem. Veniam quidem ad ipsa voluptas.', '2024-09-04 22:55:11', '2024-09-04 22:55:11'),
(17, '2024', 3, 'Saepe suscipit accusantium dicta voluptatem. Eius qui minima eos molestiae dicta vero minus.', '2024-09-04 22:55:11', '2024-09-04 22:55:11'),
(17, '2024', 4, 'Ut rerum nisi et consequatur aut. Neque et error molestiae minima dolorem. Magnam nemo consequuntur perspiciatis harum ipsa sit. Accusantium voluptates explicabo facere ut.', '2024-09-04 22:55:11', '2024-09-04 22:55:11'),
(18, '2024', 1, 'Nostrum est et et deleniti at animi quis. Eius illum eveniet vel. Architecto debitis praesentium incidunt doloribus. Nemo quo fugit sapiente distinctio numquam provident dolor. Pariatur corporis aut minus voluptatem sed ducimus.', '2024-09-04 22:55:11', '2024-09-04 22:55:11'),
(18, '2024', 2, 'Sint excepturi quod aut repellendus eveniet debitis in. Maxime consectetur ut enim laudantium reprehenderit. Sequi praesentium animi hic ut.', '2024-09-04 22:55:11', '2024-09-04 22:55:11'),
(18, '2024', 3, 'Voluptas facere et facilis aliquam. Nostrum mollitia non commodi possimus dolor. Eum harum voluptatem eos et maiores magni.', '2024-09-04 22:55:11', '2024-09-04 22:55:11'),
(18, '2024', 4, 'Nulla beatae quidem eos. Mollitia est eos porro qui iure amet ipsam. Voluptas illo reprehenderit quo ut repudiandae sint.', '2024-09-04 22:55:11', '2024-09-04 22:55:11'),
(19, '2024', 1, 'Qui vero rem assumenda occaecati ea eum. Facere sunt et adipisci dolor. Minima quod deserunt deserunt mollitia voluptatem aut error. Quaerat in alias qui.', '2024-09-04 22:55:11', '2024-09-04 22:55:11'),
(19, '2024', 2, 'Molestiae commodi nam laboriosam et. Nemo ipsum omnis repellat et possimus possimus. Quia modi sed dolor. Vel quia iusto nobis.', '2024-09-04 22:55:11', '2024-09-04 22:55:11'),
(19, '2024', 3, 'Quia aut magni et laborum. Neque autem ex blanditiis quo optio. Occaecati architecto atque ipsum illo dolorum. Rerum architecto quam quis reiciendis aspernatur inventore accusamus.', '2024-09-04 22:55:11', '2024-09-04 22:55:11'),
(19, '2024', 4, 'Quo officiis iure alias quis fuga cumque. Impedit velit vero nulla. Quibusdam quo voluptas aliquam.', '2024-09-04 22:55:11', '2024-09-04 22:55:11'),
(20, '2024', 1, 'Laboriosam omnis quae ut laudantium tenetur dolores odit. Dolores dolores reiciendis non saepe. Quis sequi voluptate ratione rerum.', '2024-09-04 22:55:11', '2024-09-04 22:55:11'),
(20, '2024', 2, 'Maiores tempore voluptatem magni eaque cumque repellat. Minus saepe praesentium nihil est quod reiciendis et rem. Ut optio enim velit distinctio.', '2024-09-04 22:55:11', '2024-09-04 22:55:11'),
(20, '2024', 3, 'Numquam voluptate officia maxime at reprehenderit. Maiores quasi saepe sint non doloribus. Voluptatem officiis nihil optio beatae.', '2024-09-04 22:55:11', '2024-09-04 22:55:11'),
(20, '2024', 4, 'Iusto sunt et qui eos. Repellendus quod incidunt quia quidem placeat dolor. Voluptas nulla distinctio fugit cupiditate dolore.', '2024-09-04 22:55:11', '2024-09-04 22:55:11'),
(21, '2024', 1, 'Architecto eaque laudantium aspernatur in ratione tempora eius. Alias non expedita excepturi velit et. A illum ad aut officiis labore blanditiis non. Molestiae aperiam doloribus veniam expedita aut aut. Id quo sapiente id non corrupti.', '2024-09-04 22:55:11', '2024-09-04 22:55:11'),
(21, '2024', 2, 'Expedita ab recusandae totam aut consequuntur sed. Sit cum veritatis voluptatem eaque neque quia dolorum. Nihil a voluptas numquam qui. Vero architecto a voluptatem quia voluptatem quod.', '2024-09-04 22:55:11', '2024-09-04 22:55:11'),
(21, '2024', 3, 'Minus qui culpa commodi amet. Officiis temporibus quis numquam voluptatem vero quaerat. Occaecati optio necessitatibus sit ex est. Sed quia ut nulla.', '2024-09-04 22:55:11', '2024-09-04 22:55:11'),
(21, '2024', 4, 'Voluptate quia soluta numquam. Dolorem non aliquam natus rerum odio natus odit. Dolores ut repudiandae voluptatem quia accusantium aut. Minus voluptates omnis nihil aut esse eum.', '2024-09-04 22:55:11', '2024-09-04 22:55:11'),
(22, '2024', 1, 'Voluptas ea incidunt vero esse eaque sed. Natus commodi distinctio et tempora omnis maiores. Non voluptatum qui impedit et quo. Sit quia soluta vero.', '2024-09-04 22:55:11', '2024-09-04 22:55:11'),
(22, '2024', 2, 'Non dicta corrupti nihil sed consequuntur quasi. In sint ullam ipsam vero. Assumenda voluptas veritatis nam fugiat cum. Culpa et ut unde praesentium qui non optio.', '2024-09-04 22:55:11', '2024-09-04 22:55:11'),
(22, '2024', 3, 'Delectus accusamus perspiciatis perspiciatis iusto dignissimos omnis. Dolore dolorem rem omnis velit dolorem aliquid. Suscipit voluptatem pariatur recusandae eos culpa commodi qui. Nihil omnis in hic architecto.', '2024-09-04 22:55:11', '2024-09-04 22:55:11'),
(22, '2024', 4, 'Mollitia in et ducimus perspiciatis. Et voluptates molestias necessitatibus vero cupiditate saepe corrupti eos. Et sit maiores fugiat itaque fugit iure.', '2024-09-04 22:55:11', '2024-09-04 22:55:11');

INSERT INTO `otps` (`user_id`, `created_at`, `expiration_time`, `OTP_code`, `token`) VALUES
(1, '2024-09-04 22:55:11', '2024-09-04 23:05:11', '0507', 'DtBovIUP0gqRYL2V6v224uNRkcv7KSnR'),
(2, '2024-09-04 22:55:11', '2024-09-04 23:05:11', '8261', 'owq6yttkYyNKtxCzMRrNNyVrcdCJZJji'),
(3, '2024-09-04 22:55:11', '2024-09-04 23:05:11', '6925', 'ZR8ApJtmDUz6nlAlVRzMXpdyeOlRXA1R'),
(4, '2024-09-04 22:55:11', '2024-09-04 23:05:11', '8688', 'sUxrFtqApvhWe1tXJh8vNSgL0QPTg6G3'),
(5, '2024-09-04 22:55:11', '2024-09-04 23:05:11', '1089', 'cGv4ahE2caaKnC7ETV5L5qem1MZKOPsz'),
(6, '2024-09-04 22:55:11', '2024-09-04 23:05:11', '1446', 'xSdif5H29PYMOISN4ZK4tXOY7P6798Kf'),
(7, '2024-09-04 22:55:11', '2024-09-04 23:05:11', '4032', 'Alimo5zqDQOal3hiXhBEOuu7LVUaR2dm'),
(8, '2024-09-04 22:55:11', '2024-09-04 23:05:11', '9848', 'uY4JnsQrp6rCfv0yNInesvQLVG93rQpt'),
(9, '2024-09-04 22:55:11', '2024-09-04 23:05:11', '9351', 'K7ZleFwqR71Sx7Un36ivmobVjB6MqGPd'),
(10, '2024-09-04 22:55:11', '2024-09-04 23:05:11', '9673', 'eaQKA4B9IbUQDwevLupexSwoGsBjp5Fv'),
(11, '2024-09-04 22:55:11', '2024-09-04 23:05:11', '0823', 'sLjudN5pQnXRh13aTK5FfPxbNHTuxfUq'),
(12, '2024-09-04 22:55:11', '2024-09-04 23:05:11', '2772', '7FLSgVAvm7ByYshlPZAABH2dNOmyXlYw'),
(13, '2024-09-04 22:55:11', '2024-09-04 23:05:11', '1391', 'FQyj91mbvAxM1e22K4PJpN3PGxzDgvEG'),
(14, '2024-09-04 22:55:11', '2024-09-04 23:05:11', '5052', 'LjjJ4wQbDkPT05nxVOZCiLgMe1rcCMY0'),
(15, '2024-09-04 22:55:11', '2024-09-04 23:05:11', '1535', '5ehW2ZRqNAUI5imupPr55LMbywTxjt9q'),
(16, '2024-09-04 22:55:11', '2024-09-04 23:05:11', '1054', '5T9myRJoOvQdxREtere1RbYZwjJccFzE'),
(17, '2024-09-04 22:55:11', '2024-09-04 23:05:11', '7709', 'JzoOqE6yqdRUxLhSimWfGApGgjQem1g6'),
(18, '2024-09-04 22:55:11', '2024-09-04 23:05:11', '0524', 'juq4Oxr7cluQ33YuDcjlKcXXlC4W1JJi'),
(19, '2024-09-04 22:55:11', '2024-09-04 23:05:11', '6431', 'gHAuRHFgZFpOfje1Y7Jt9dFZ4qLPFK7u'),
(20, '2024-09-04 22:55:11', '2024-09-04 23:05:11', '1444', 'gYnNN7nK69iILAGY9lCCrvTNqH9fsgFv'),
(21, '2024-09-04 22:55:11', '2024-09-04 23:05:11', '3259', 'raPA9U22WFbkSOw8vEAgaJdP802pjTOE'),
(22, '2024-09-04 22:55:11', '2024-09-04 23:05:11', '2878', 'iU3maq292eSezCayvC9J7OGpG6S41e6a');
